question_type,question_asked,generated_answer
abstain,Tom ate some cookies and had 35 cookies left. How many cookies did he have in the beginning?,"Let's solve this problem step by step. Tom had 35 cookies left after eating some cookies. This means that he had some unknown number of cookies initially, which we'll call x.

Since he had x cookies initially, and he ate some, he must have had x - 35 cookies that he ate.

We know that he had 35 cookies left, so the number of cookies he ate (x - 35) must be equal to the number of cookies he had initially (x).

So, we can set up an equation:

x - 35 = x

Subtracting x from both sides gives us:

-35 = 0

Adding 35 to both sides gives us:

0 = 35

This is a contradiction, as 0 cannot equal 35. This means that our original assumption that Tom had x cookies initially is incorrect.

To find the correct answer, we can try a different approach. Let's say Tom had y cookies initially. After eating some, he had 35 cookies left.

We know that the number of cookies he ate is equal to the number of cookies he had initially minus the number of cookies he had left:

y - 35 =?

To find the number of cookies he had initially, we can add 35"
abstain,"After eating a hearty meal they went to see the Buckingham palace. There were 39 paintings in the Buckingham palace. There, Rachel learned that less than 661 visitors came to the Buckingham palace that day. If there were less than 600 visitors the previous day.How many more visitors visited the Buckingham palace on that day than on the previous day?","Let's break this down step by step.

We know that the number of visitors on the previous day was less than 600. We can represent this as x < 600.

We also know that the number of visitors on the day they went to see the Buckingham palace was less than 661. We can represent this as x + y < 661, where y is the number of visitors on the day they went to see the Buckingham palace.

We are asked to find the number of visitors who visited the Buckingham palace on that day compared to the previous day, which is the value of y.

We can simplify the inequality x + y < 661 by subtracting x from both sides, which gives us y < 661 - x.

Since we know that x is less than 600, we can substitute 600 for x in the inequality y < 661 - x, which gives us y < 661 - 600.

Simplifying this, we get y < 61.

This means that the number of visitors on the day they went to see the Buckingham palace was less than 61.

So, the number of more visitors who visited the Buckingham palace on that day compared to the previous day is 61."
abstain,"Adam had 5 dollars. At the store he spent $2 to $10 on a new game. If he got another at least 5 dollars for his allowance, how much money does he have now? ","Let's break this down step by step.

Adam started with $5.

He spent $2 to $10 on a new game, so let's take the minimum amount he spent, which is $2. This means he has:

$5 - $2 = $3

left after buying the game.

Then, he got at least $5 for his allowance, so he now has:

$3 + $5 = $8

So, Adam has $8 now."
abstain,Bryan took a look at his books as well. He has serveal bookshelves with each having the same number of books. If he has a total of 28 books.How many books are there in each bookshelf?,"Let's break this down step by step!

Since Bryan has several bookshelves with the same number of books, we can assume that the number of books on each bookshelf is equal.

We know that Bryan has a total of 28 books. To find the number of books on each bookshelf, we need to divide the total number of books by the number of bookshelves.

Since Bryan has several bookshelves, let's call the number of bookshelves ""x"". Then, the number of books on each bookshelf is the same, so we can represent it as ""y"".

We know that the total number of books is 28, and each bookshelf has y books. So, the total number of books is equal to the number of bookshelves multiplied by the number of books on each bookshelf:

28 = x × y

Since Bryan has the same number of books on each bookshelf, the number of bookshelves (x) must be a factor of the total number of books (28).

The factors of 28 are: 1, 2, 4, 7, 14, and 28.

Since Bryan has several bookshelves, we can eliminate the factors 1 and 28, as they"
abstain,In Haley's class 11 are boys who love to play marbles. If Haley gives different numbers of marbles to each boy.How many marbles did she have?,"Let's break this down step by step!

We know that there are 11 boys in Haley's class who love to play marbles. And Haley gives each boy a different number of marbles.

Let's say the number of marbles given to each boy is represented by the variable x. Since each boy gets a different number of marbles, we can't simply add up the number of marbles given to each boy to find the total number of marbles Haley had.

However, we can use the concept of arithmetic series to solve this problem. An arithmetic series is a sequence of numbers where each term is obtained by adding a fixed constant to the previous term.

In this case, the fixed constant is the difference in the number of marbles given to each boy. Let's call this difference ""d"".

Since there are 11 boys, the total number of marbles given to all the boys is the sum of the first 11 terms of the arithmetic series:

x + (x + d) + (x + 2d) +... + (x + 10d)

This sum can be written as:

11x + 55d

Now, we don't know the value of x or d, but we can use the fact that the total"
abstain,Rachel was unboxing some of her old winter clothes. She found dozens of boxes of clothing and inside each box there were 3 scarves and 4 mittens. How many pieces of winter clothing did Rachel have total? ,"Let's break it down! Rachel has dozens of boxes, and each box has 3 scarves and 4 mittens. To find the total number of pieces of winter clothing, we need to multiply the number of boxes by the number of scarves and mittens in each box.

Since there are dozens of boxes, let's convert that to a numerical value. A dozen is equal to 12, so Rachel has 12 boxes (or more, but we'll assume 12 for now).

In each box, there are 3 scarves and 4 mittens, so the total number of scarves is 12 boxes x 3 scarves per box = 36 scarves.

The total number of mittens is 12 boxes x 4 mittens per box = 48 mittens.

To find the total number of pieces of winter clothing, we add the number of scarves and mittens: 36 scarves + 48 mittens = 84 pieces of winter clothing.

So, Rachel has a total of 84 pieces of winter clothing."
abstain,Rachel picked 7 apples from her tree. Thereafter 2 new apples grew on the tree. How many apples did the tree have to begin with?,"Let's work backwards to find the answer. Rachel picked 7 apples, and then 2 new apples grew on the tree, making a total of 7 + 2 = 9 apples.

Since the tree now has 9 apples, and Rachel picked 7 apples, we can subtract 7 from 9 to find out how many apples the tree had to begin with:

9 - 7 = 2

So, the tree had 2 apples to begin with."
abstain,"After eating a hearty meal, they went to see the Buckingham Palace. There were 71 paintings in the Buckingham Palace. There, Rachel learned that 557 visitors came to the Buckingham Palace that day. If there were 188 visitors the previous day, how many visited the Buckingham Palace within the last 57 days?","Let's break down the information we have:

* The number of visitors on the current day is 557.
* The number of visitors the previous day is 188.
* We want to find the total number of visitors within the last 57 days.

To do this, we can start by finding the total number of visitors over the last 2 days:

557 (current day) + 188 (previous day) = 745

Now, we want to find the total number of visitors within the last 57 days. Since we already have the total number of visitors over the last 2 days, we can subtract that from the total number of visitors over the last 57 days:

Total visitors over 57 days = 745 +? (unknown number of visitors over the remaining 55 days)

We can't find the exact number of visitors over the remaining 55 days, but we can find the average number of visitors per day:

Average visitors per day = Total visitors over 57 days / 57 days

Since we don't know the total number of visitors over the last 57 days, we can't find the exact average visitors per day. However, we can make an educated estimate. The number of visitors on the current day is 557, and"
abstain,A store had more than 50 oranges in a bin. If they threw away 40 of the old ones and put 24 new ones in the bin how many would be in the bin? ,"Let's work through this problem step by step.

Initially, the store had more than 50 oranges in the bin. Then, they threw away 40 old oranges. To find the number of oranges left, we subtract 40 from the initial number:

More than 50 oranges - 40 oranges = More than 10 oranges

Now, the store put 24 new oranges in the bin. We add these new oranges to the remaining oranges:

More than 10 oranges + 24 oranges = 34 oranges

So, there would be 34 oranges in the bin."
abstain,Asia bought a homecoming dress on sale for $140. What percentage off did she get at the sale?,"To find the percentage off, we need to know the original price of the dress. Let's call it x.

Since the dress was on sale for $140, we can set up the equation:

x - (x - 140) = 140

Simplifying the equation, we get:

x - x + 140 = 140

140 = 140

This means the original price of the dress is indeed $140.

To find the percentage off, we need to find the discount amount. The discount amount is the difference between the original price and the sale price:

Discount amount = Original price - Sale price
= x - 140
= 140 - 140
= 0

The discount amount is $0, which means Asia didn't get any discount. The price she paid was the original price.

So, the percentage off is:

Percentage off = (Discount amount / Original price) x 100
= (0 / 140) x 100
= 0%

Asia didn't get any discount, and the percentage off is 0%."
abstain,During the Arkansas and Texas tech game the Razorback shirt shop made $ 215 by selling 5 shirts and 3 pairs of shoes.What is the cost of each shirt?,"Let's break down the information we have:

* The Razorback shirt shop made a total of $215.
* They sold 5 shirts and 3 pairs of shoes.

We can assume that the cost of the shoes is a fixed amount, let's call it x. Since they sold 3 pairs of shoes, the total revenue from shoes is 3x.

The remaining amount, $215 - 3x, is the revenue from the shirts. Since they sold 5 shirts, the average cost of each shirt is the total revenue from shirts divided by 5.

Let's set up an equation:

215 - 3x = 5c

where c is the cost of each shirt.

We can solve for c:

c = (215 - 3x) / 5

To find the cost of each shirt, we need to know the cost of each pair of shoes. Without this information, we cannot determine the cost of each shirt. Can you provide the cost of each pair of shoes?"
abstain,The Ferris wheel in paradise park has 4 or 5 seats. If more than 20 people can ride the wheel at the same time.How many people can each seat hold?,"Let's analyze the information given. The Ferris wheel in Paradise Park has 4 or 5 seats, and more than 20 people can ride the wheel at the same time.

Since the number of seats is either 4 or 5, and more than 20 people can ride the wheel, we can conclude that the wheel can hold at least 21 people (since 4 seats would hold 20 people, and 5 seats would hold more than 20 people).

To find the maximum number of people each seat can hold, we can divide the total number of people (21) by the number of seats (4 or 5).

If the wheel has 4 seats, each seat can hold at most 21 / 4 = 5.25 people. Since you can't have a fraction of a person, each seat can hold at most 5 people.

If the wheel has 5 seats, each seat can hold at most 21 / 5 = 4.2 people. Again, since you can't have a fraction of a person, each seat can hold at most 4 people.

So, the maximum number of people each seat can hold is 5 people if the wheel has 4 seats, or 4 people if the"
abstain,Ed had more marbles than Doug. Doug lost some of his marbles at the playground. Now Ed has 19 more marbles than doug. How many marbles did Doug lose?,"Let's break this down step by step. Initially, Ed had more marbles than Doug. Let's say Ed had x marbles and Doug had y marbles, where x > y.

After Doug lost some marbles, he was left with y - z marbles, where z is the number of marbles he lost.

Now, we know that Ed has 19 more marbles than Doug, so Ed has (x - z + 19) marbles.

We can set up an equation based on this information:

x = (y - z) + 19

Since Ed had more marbles than Doug initially, we know that x > y. Therefore, we can subtract y from both sides of the equation to get:

x - y = 19 - z

This simplifies to:

z = x - y - 19

We don't know the exact values of x and y, but we know that x > y. Since Ed had more marbles than Doug initially, we can conclude that x > y.

However, we can find the number of marbles Doug lost (z) in terms of x and y. The equation becomes:

z = x - y - 19

So, the number of marbles Doug lost is"
abstain,Ed had 30 more marbles than Doug. Ed lost some of his marbles at the playground. If Ed had 91 marbles.How many more marbles did Ed have than Doug then?,"Let's start by identifying the information we know:

* Ed had 30 more marbles than Doug initially.
* Ed lost some marbles at the playground.
* Ed now has 91 marbles.

To find out how many more marbles Ed has than Doug now, we need to find out how many marbles Ed had initially. Since Ed lost some marbles, he must have had more than 91 initially.

Let's call the number of marbles Ed had initially ""x"". Since Ed had 30 more marbles than Doug initially, we can write:

x = 30 + Doug's initial number of marbles

Since Ed now has 91 marbles, we know that the number of marbles he lost is:

x - 91 = Number of marbles lost

We can write an equation to represent the situation:

x - 91 = Number of marbles lost

Since Ed had 30 more marbles than Doug initially, we can write:

x = 30 + Doug's initial number of marbles

Substituting the second equation into the first equation, we get:

30 + Doug's initial number of marbles - 91 = Number of marbles lost

Simplifying the equation, we get:

Doug's initial number"
abstain,Adam has 3 more apples than jackie.How many apples does Jackie have?,"Let's solve this problem! Let's say Jackie has x apples. Since Adam has 3 more apples than Jackie, Adam has x + 3 apples. We don't have any information about how many apples Adam has, so we can't determine the exact number of apples Jackie has. However, we can write an equation to represent the situation:

x + 3 = (number of apples Adam has)

Since we don't know the number of apples Adam has, we can't solve for x. We would need more information to determine the exact number of apples Jackie has."
abstain,A mailman has to give 4 to 6 pieces of junk mail to each house in each of the 16 to 22 blocks. If there are 17 to 20 houses in each block.How many pieces of junk mail should he give in total?,"Let's break this down step by step!

First, let's find the range of the total number of houses the mailman needs to visit. Since there are 16 to 22 blocks, and each block has 17 to 20 houses, we can multiply the minimum and maximum values of each range:

Minimum: 16 blocks * 17 houses/block = 272 houses
Maximum: 22 blocks * 20 houses/block = 440 houses

So, the mailman needs to visit a total of 272 to 440 houses.

Next, let's calculate the range of junk mail pieces the mailman needs to give to each house. Since he needs to give 4 to 6 pieces of junk mail to each house, we can multiply the minimum and maximum values of this range by the total number of houses:

Minimum: 4 pieces/house * 272 houses = 1096 pieces
Maximum: 6 pieces/house * 440 houses = 2640 pieces

Finally, to find the total number of pieces of junk mail the mailman needs to give, we can add the minimum and maximum values:

Minimum: 1096 pieces
Maximum: 2640 pieces

Therefore, the mailman should give a total of 1096"
abstain,Aaron is gathering can lids to take to the recycling center. He uses 3 equal-sized boxes of canned tomatoes and adds the lids he gets to the 14 can lids he already has. He is now taking 53 can lids to the recycling center. How many?,"Let's break it down step by step!

Aaron starts with 14 can lids.

He uses 3 equal-sized boxes of canned tomatoes, which means he gets 3 times the number of can lids. Since the boxes are equal-sized, each box has the same number of cans. Let's call this number ""x"". Then, Aaron gets 3x can lids from the boxes.

The total number of can lids Aaron has is the sum of the can lids he already had (14) and the new ones he got from the boxes (3x). This is:

14 + 3x

Aaron is now taking 53 can lids to the recycling center, which is the total number of can lids he has.

So, we can set up the equation:

14 + 3x = 53

To solve for x, we can subtract 14 from both sides:

3x = 53 - 14
3x = 39

Now, divide both sides by 3:

x = 39 ÷ 3
x = 13

Since each box has x cans, Aaron got 13 cans from each box. Since he got 3 boxes, he got a total of:

3 × 13 = 39

can lids from the"
abstain,James decides to go to prom with Susan.  He pays for everything.  The tickets cost $100 each.  Dinner is $120.  He leaves a 30% tip.  He also charters a limo for 6 hours that cost less than $80 per hour.  How much did it all cost?,"Let's break down the costs:

* Two prom tickets: 2 x $100 = $200
* Dinner: $120
* Tip: 30% of $120 is $36 (calculated as 0.30 x $120)
* Limo rental: Since the cost per hour is less than $80, let's assume it's $70 per hour. For 6 hours, the cost would be 6 x $70 = $420. However, since the cost is less than $80 per hour, it's likely that the actual cost is lower. Let's assume it's $60 per hour, which would be 6 x $60 = $360.

Adding up the costs, we get:

$200 (tickets) + $120 (dinner) + $36 (tip) + $360 (limo rental) = $716

So, it all cost James $716."
abstain,Paul sold some books in a garage sale leaving him with several books. If he had 136 books initially.How many books did he sell?,"Let's break it down! Paul started with 136 books initially. After the garage sale, he was left with some books. That means he sold some books. To find out how many books he sold, we can subtract the number of books he was left with from the initial number of books.

Let's say he was left with x books after the garage sale. Then, we can set up an equation:

136 - x = number of books sold

We can simplify this equation by replacing ""number of books sold"" with x, since we're looking for the value of x:

136 - x = x

Now, we can solve for x by adding x to both sides:

136 = 2x

Divide both sides by 2:

68 = x

So, Paul was left with 68 books after the garage sale. To find out how many books he sold, we can subtract 68 from 136:

136 - 68 = 68

Paul sold 68 books!"
abstain,The Razorback shirt shop made $ 51 dollars from selling at least 3 shirt during the Arkansas and Texas tech game they. What is the cost of each shirt?,"Let's break this down step by step.

We know that the Razorback shirt shop made $51 from selling at least 3 shirts during the Arkansas and Texas Tech game. Let's say the cost of each shirt is x.

Since they sold at least 3 shirts, we can write an inequality to represent the situation:

3x ≤ 51

This means that the total cost of the 3 shirts is less than or equal to $51.

To find the cost of each shirt, we can divide both sides of the inequality by 3:

x ≤ 51/3

x ≤ 17

So, the cost of each shirt is less than or equal to $17.

Since the cost of each shirt is a positive integer, we can conclude that the cost of each shirt is $17 or less."
abstain,Debby bought some water bottles when they were on sale. She drank 109 bottles a day. If the bottles lasted for -74 days.How many bottles had she bought?,"Let's break this down step by step!

Debby drank 109 bottles a day, and the bottles lasted for 74 days. To find out how many bottles she drank in total, we can multiply the number of bottles she drank per day by the number of days:

109 bottles/day × 74 days = 8,066 bottles

So, Debby drank a total of 8,066 bottles.

Since she bought the bottles when they were on sale, we need to find the total number of bottles she bought. However, we don't have enough information to determine the exact number of bottles she bought. The problem only tells us how many bottles she drank, not how many she bought."
abstain,In a school there are -569 girls and -236 boys. How many more girls than boys does the school have?,"To find the difference between the number of girls and boys, we need to subtract the number of boys from the number of girls.

Number of girls: -569
Number of boys: -236

Subtracting the number of boys from the number of girls, we get:

-569 - (-236) = -569 + 236 = -333

So, the school has 333 more girls than boys."
abstain,"If one Burmese python can eat one 50-cm alligator per week, how many Burmese pythons would it take to eat fifteen 50-centimeter alligators in more than three weeks?","Let's break this down step by step!

One Burmese python can eat one 50-cm alligator per week, which means it can eat 1/1 = 1 alligator per week.

To find out how many alligators it can eat in more than three weeks, we need to multiply the number of alligators it can eat per week by the number of weeks:

1 alligator/week × (more than 3 weeks) = 1 alligator/week × 4 weeks (assuming it eats at the same rate for the extra week) = 4 alligators

Now, we need to find out how many Burmese pythons it would take to eat 15 alligators in more than three weeks. Since one python can eat 4 alligators, we can divide the total number of alligators by the number of alligators one python can eat:

15 alligators ÷ 4 alligators/python = 3.75 pythons

Since you can't have a fraction of a python, we'll round up to the nearest whole number to ensure that the pythons can eat all the alligators:

3.75 pythons → 4 pythons

Therefore, it would take 4 Bur"
abstain,"Matthew had 22 crackers and 34 cakes. If Matthew gave equal numbers of crackers and cakes to his friends, how many crackers and cakes did each person eat?","Let's break it down step by step.

Matthew had 22 crackers and 34 cakes. He gave equal numbers of crackers and cakes to his friends. To find out how many he gave to each friend, we need to find the greatest common divisor (GCD) of 22 and 34.

The GCD of 22 and 34 is 2. This means Matthew gave 2 crackers and 2 cakes to each friend.

To find out how many crackers each person ate, we'll divide the total number of crackers Matthew had (22) by the number of friends he gave crackers to (the GCD, which is 2):

22 ÷ 2 = 11

So each person ate 11 crackers.

To find out how many cakes each person ate, we'll divide the total number of cakes Matthew had (34) by the number of friends he gave cakes to (the GCD, which is 2):

34 ÷ 2 = 17

So each person ate 17 cakes.

There you have it! Each person ate 11 crackers and 17 cakes."
abstain,Tommy is looking at his change collection. He has more dimes than pennies. He has twice as many nickels as dimes. He has 4 quarters. He has 10 times as many pennies as quarters. How many nickels does he have?,"Let's start by using the information that Tommy has 4 quarters. Since he has 10 times as many pennies as quarters, he must have 4 x 10 = 40 pennies.

Since he has more dimes than pennies, he must have at least 41 dimes (since 40 pennies and 1 dime is equal to 41 coins). However, we need to find the exact number of dimes, so let's call it x. Since he has twice as many nickels as dimes, he must have 2x nickels.

We can set up an equation using the information that the total number of coins is equal to the number of pennies, dimes, and nickels:

40 + x + 2x = 41 + 4

Combine like terms:

3x + 40 = 45

Subtract 40 from both sides:

3x = 5

Divide both sides by 3:

x = 5/3

So Tommy has 5/3 dimes. Since he has more dimes than pennies, this means he has at least 5 dimes (since 5/3 is approximately equal to 1.67, which is not an integer number"
abstain,John buys many notebooks that have 40 pages each.  He uses 4 pages per day.  How many days do the notebooks last?,"Let's calculate the total number of pages in the notebooks John bought. Since each notebook has 40 pages, and he buys many notebooks, we'll assume he buys a certain number of notebooks, say n. The total number of pages would be:

40 pages/notebook × n notebooks = 40n pages

John uses 4 pages per day, so to find out how many days the notebooks last, we can divide the total number of pages by the number of pages used per day:

40n pages ÷ 4 pages/day = 10n days

Since John doesn't specify the exact number of notebooks he bought, we can't give an exact answer. However, we can say that the notebooks will last for at least 10 days, and possibly longer depending on the actual number of notebooks John bought."
abstain,"Stella’s antique shop has 3 dolls, 2 clocks and 5 glasses for sale. She sells the dolls for $5 each. The clocks are priced at $15 each. The glasses are priced at $4 each. If she spent $40 to buy everything and she sells part of her merchandise, how much profit will she make?","Let's break down the items Stella has for sale:

* Dolls: 3 x $5 = $15
* Clocks: 2 x $15 = $30
* Glasses: 5 x $4 = $20

Total revenue from selling all items: $15 + $30 + $20 = $65

Stella spent $40 to buy everything, so her total cost is $40. To find her profit, we subtract her total cost from her total revenue:

Profit = Total Revenue - Total Cost
= $65 - $40
= $25

Stella will make a profit of $25 if she sells all her merchandise."
abstain,"A cougar is sleeping for 4 hours at night, and a zebra for more than 2 hours more. How much time do both animals sleep in one week?","Let's break it down step by step.

A cougar sleeps for 4 hours at night. Since there are 7 nights in a week, the cougar sleeps:

4 hours/night x 7 nights/week = 28 hours/week

A zebra sleeps for more than 2 hours more than the cougar, which means the zebra sleeps:

4 hours (cougar's sleep time) + 2 hours = 6 hours/night

The zebra sleeps:

6 hours/night x 7 nights/week = 42 hours/week

To find the total sleep time for both animals in one week, we add their individual sleep times:

28 hours/week (cougar) + 42 hours/week (zebra) = 70 hours/week

So, both the cougar and the zebra sleep a total of 70 hours in one week."
abstain,Some children were riding on the bus. At the bus stop 2 more children got on the bus.How many children were riding on the bus before the bus stop?,"Let's think about this! Since 2 more children got on the bus at the bus stop, that means there were 2 children who were not already on the bus initially. So, if we subtract 2 from the total number of children on the bus now, we can find out how many were on the bus before the bus stop.

Can you tell me how many children are on the bus now?"
abstain,"Zoe had 42 bottles of water in her fridge. If she drank at least 25 of them and then bought at most 30 more, how many bottles would she have? ","Let's break this down step by step!

Zoe had 42 bottles of water initially. She drank at least 25 of them, so we subtract 25 from 42:

42 - 25 = 17

So, Zoe has 17 bottles of water left.

Then, she bought at most 30 more bottles. Since she bought at most 30, we can add up to 30 to the 17 bottles she already had:

17 + 30 = 47

Therefore, Zoe would have a maximum of 47 bottles of water."
abstain,Frank put 11 pieces of candy in each bag. How many bags would he have?,"Let's break this down! We know Frank put 11 pieces of candy in each bag, but we don't know how many pieces of candy he has in total. Can you please provide more information about how many pieces of candy Frank has in total?"
abstain,"Sam has more than 19 dimes and 6 quarters. She buys 4 candy bars for 3 dimes each and 1 lollipop for 1 quarter. How much money, in cents, does she have left?","Let's break this down step by step.

Sam has more than 19 dimes, so she has at least 20 dimes. She also has 6 quarters.

She spends 4 candy bars for 3 dimes each, which is a total of 12 dimes. She also spends 1 lollipop for 1 quarter.

So, she spends a total of 12 dimes and 1 quarter.

In terms of cents, 12 dimes is equal to 120 cents, and 1 quarter is equal to 25 cents. Adding these together, she spends a total of 145 cents.

Sam starts with at least 20 dimes, which is 200 cents, and 6 quarters, which is 150 cents. In total, she has at least 350 cents.

After spending 145 cents, she has:

350 cents - 145 cents = 205 cents

So, Sam has at least 205 cents left."
abstain,Winter is almost here and most animals are migrating to warmer countries. There were 89 bird families living near the mountain. If at least 60 bird families flew away for winter.How many more bird families flew away for the winter than those that stayed behind?,"Let's break this down step by step!

We know that there were 89 bird families living near the mountain. And we also know that at least 60 bird families flew away for winter.

To find the number of bird families that stayed behind, we can subtract the number that flew away from the total number of bird families:

89 (total) - 60 (flew away) = 29

So, 29 bird families stayed behind.

To find out how many more bird families flew away for winter than those that stayed behind, we can subtract the number that stayed behind from the number that flew away:

60 (flew away) - 29 (stayed behind) = 31

Therefore, 31 more bird families flew away for winter than those that stayed behind."
abstain,"Rachel had to complete -2 pages of math homework, 3 pages of reading homework and -10 more pages of biology homework. How many pages did she have to complete in all?","Let's break it down step by step!

Rachel had to complete:

* -2 pages of math homework (note the negative sign, which means she has to complete 2 fewer pages)
* 3 pages of reading homework
* -10 pages of biology homework (again, note the negative sign, which means she has to complete 10 fewer pages)

To find the total number of pages she had to complete, we can add up the absolute values of each:

| -2 | = 2 pages (since she has to complete 2 fewer pages)
| 3 | = 3 pages (no change, since it's a positive number)
| -10 | = 10 pages (since she has to complete 10 fewer pages)

Now, let's add up the absolute values:

2 + 3 + 10 = 15

So, Rachel had to complete a total of 15 pages of homework."
abstain,Carol was sending out birthday invitations to 12 friends. She bought -3 packs each one having the same number of invitations. How many invitations are in each pack?,"Let's start by identifying the number of invitations Carol has. She's sending out invitations to 12 friends, and she bought -3 packs. Since she's buying packs, the number of packs should be a positive value. It seems like there might be a mistake in the problem.

Could you please clarify or correct the number of packs Carol bought?"
abstain,"Frank had lots of dollars. At the store he spent $3 on a new game. If he got another 14 dollars for his allowance, how much money does he have now? ","Let's break it down step by step!

Frank started with lots of dollars, but we don't know the exact amount. Then, he spent $3 on a new game, which means he had $3 less.

So, he had an unknown amount of dollars - $3 = unknown amount of dollars.

Then, he got 14 dollars for his allowance, which means he added 14 dollars to his remaining amount.

To find the total amount of money Frank has now, we add the unknown amount of dollars (after spending $3) to the 14 dollars he got for his allowance:

Unknown amount of dollars - $3 + 14 =?

Since we don't know the exact amount of dollars Frank had initially, we can't give a specific answer. However, we can say that Frank now has the unknown amount of dollars minus $3 plus 14 dollars.

If you could provide the initial amount of dollars Frank had, I'd be happy to help you find the exact answer!"
abstain,Whitney bought 9 books about whales and 7 books about fish. She also bought 3 magazines. Each book cost $11 and each magazine cost more than book. How much did Whitney spend in all?,"Let's break it down step by step!

Whitney bought 9 books about whales and 7 books about fish, so she bought a total of 9 + 7 = 16 books. Each book costs $11, so the total cost of the books is:

16 books x $11 per book = $176

She also bought 3 magazines, and each magazine costs more than a book (which is $11). Let's assume the magazines cost $x per magazine, where x is greater than 11.

The total cost of the magazines is:

3 magazines x $x per magazine = $3x

The total amount Whitney spent is the sum of the cost of the books and the cost of the magazines:

$176 (cost of books) + $3x (cost of magazines) =?

We don't know the exact cost of the magazines (x), but we can find the total amount Whitney spent."
abstain,For the walls of the house he would use 12 large planks of wood and 10 small planks. If large planks together need 15 pieces of nails to be secured and small planks together need less than 5 nails. How many nails does John need for the house wall?,"Let's break it down step by step.

John needs 12 large planks of wood, and each large plank requires 15 pieces of nails to be secured. So, the total number of nails needed for the large planks is:

12 large planks x 15 nails/plank = 180 nails

John also needs 10 small planks, and each small plank requires less than 5 nails. Since the problem doesn't specify the exact number of nails needed for the small planks, we'll assume the minimum number of nails required, which is 4 nails/plank. So, the total number of nails needed for the small planks is:

10 small planks x 4 nails/plank = 40 nails

Now, let's add the total number of nails needed for both the large and small planks:

180 nails (large planks) + 40 nails (small planks) = 220 nails

John needs a total of 220 nails to secure the walls of his house."
abstain,"A teacher had 7 worksheets to grade. If she graded some, but then another 46 were turned in, how many worksheets would she have to grade? ","Let's break it down step by step!

The teacher initially had 7 worksheets to grade. Then, another 46 worksheets were turned in.

To find the total number of worksheets she now needs to grade, we add the initial 7 worksheets to the additional 46 worksheets:

7 (initial) + 46 (additional) = 53

So, the teacher now has a total of 53 worksheets to grade."
abstain,In a school there are 308 girls and 318 boys. There are also 36 teachers.How many women are there in that school?,"Let's count the number of women in the school. There are 308 girls, which are all women. Additionally, there are 36 teachers, and we can assume that all of them are women (since you didn't specify otherwise). Therefore, the total number of women in the school is 308 (girls) + 36 (teachers) = 344."
abstain,"A laboratory has 22 beakers of liquid in a fume hood, and 8 of the beakers have copper ions in them. Adding three drops of a solution will turn the liquid in a beaker blue if there are copper ions present. If the beakers are tested one by one for copper ions and more than 45 drops are used before all 8 beakers with copper ions are found, how many beakers without copper ions were tested?","Let's break this down step by step.

We know that 8 beakers have copper ions in them, and we need to find all 8 of them by testing the beakers one by one.

When a beaker with copper ions is tested, it will turn blue. This means that we can identify the beakers with copper ions as soon as we test them.

Let's say we test the first beaker, and it turns blue. This means it has copper ions. We can then mark this beaker as ""found"" and move on to the next one.

We keep testing beakers until we have found all 8 beakers with copper ions. Let's say we use a total of x drops to find all 8 of them.

Since we use 3 drops to test each beaker, the total number of beakers tested is x/3.

We know that more than 45 drops are used before all 8 beakers with copper ions are found. This means that x > 45.

Since x is the total number of drops used, and each beaker uses 3 drops, we can write x = 3y, where y is the total number of beakers tested.

We can substitute x > 45 into this equation to"
abstain,Rachel's tree had 4 apples. She picked 2 apples from her tree. Thereafter 3 new apples grew on the tree. But at least 1 apples were eaten by dog .How many apples are there on the tree now?,"Let's break it down step by step.

Initially, Rachel's tree had 4 apples.

She picked 2 apples, so the number of apples on the tree decreased by 2. Now, there are 4 - 2 = 2 apples left.

Then, 3 new apples grew on the tree, so the total number of apples increased by 3. Now, there are 2 + 3 = 5 apples.

However, at least 1 apple was eaten by the dog, which means the number of apples on the tree decreased by 1. Now, there are 5 - 1 = 4 apples left.

So, there are 4 apples on the tree now."
abstain,Paul got a box of 110 crayons for his birthday. During the school year he gave more than 90 crayons to his friends while he lost less than 412 crayons. How many more crayons did he lose than those he gave to his friends?,"Let's break this down step by step.

Paul started with 110 crayons.

He gave more than 90 crayons to his friends, so let's say he gave x crayons to his friends, where x is greater than 90.

So, he has 110 - x crayons left.

He lost less than 412 crayons, so let's say he lost y crayons, where y is less than 412.

Now, we can set up an equation to represent the situation:

110 - x = y

We want to find out how many more crayons he lost than those he gave to his friends. This is the same as finding the difference between y and x.

To do this, we can subtract x from both sides of the equation:

y = 110 - x

Now, we can subtract x from both sides again to get:

y - x = 110 - x - x

Simplifying, we get:

y - x = 110 - 2x

Since y is less than 412, we know that 110 - 2x is also less than 412. This means that 2x is greater than 110, so x must be greater than 55.

So, Paul gave more than"
abstain,"Marcel goes to the store with Dale to buy groceries for cooking dinner. Marcel buys 10 ears of corn, and Dale buys half that amount. Dale buys 8 potatoes and Marcel buys some, too. How many potatoes did Marcel buy?","Let's break it down step by step.

Marcel buys 10 ears of corn, and Dale buys half that amount, which is 10/2 = 5 ears of corn.

Dale buys 8 potatoes, but we need to know how many Marcel buys. Since Dale buys half as many ears of corn as Marcel, it's likely that Marcel buys half as many potatoes as Dale. So, Marcel probably buys 8/2 = 4 potatoes."
abstain,"Katie baked 18 cupcakes for her school's bake sale. If her brother, Todd, ate some of them how many packages could she make if she put 2 cupcake in each package? ","Let's start by identifying how many cupcakes Todd ate. Unfortunately, we don't have that information. Can you please tell me how many cupcakes Todd ate?

Once we know that, we can subtract the number of cupcakes Todd ate from the total number of cupcakes Katie baked, which is 18. Then, we can divide the remaining number of cupcakes by 2 to find out how many packages Katie could make."
abstain,Each pack of DVD costs 107 dollars. If there is a discount of 106 dollars on each pack.,"Let's calculate the cost of each pack of DVD after the discount.

Original cost of each pack = $107
Discount on each pack = $106

To find the cost of each pack after the discount, subtract the discount from the original cost:

$107 - $106 = $1

So, each pack of DVD costs $1 after the discount."
abstain,"A magician was selling magic card decks for 2 dollars each. If he started with 0 decks and by the end of the day he had 3 left, how much money did he earn? ","Let's break this down step by step!

The magician started with 0 decks and ended with 3 decks. That means he sold some decks during the day.

To find out how many decks he sold, we can subtract the number of decks he had left (3) from the total number of decks he must have had at the start (since we don't know the exact number, let's call it x).

x - 3 = number of decks sold

Since each deck costs $2, the total amount of money he earned is:

number of decks sold x $2

We can substitute the expression we found earlier for the number of decks sold:

(x - 3) x $2

To simplify this, we can multiply the numbers:

x - 3 x 2

This gives us:

2x - 6

So, the magician earned $2x - 6."
abstain,Paige raised 15 goldfish in the pond but stray cats loved eating them. Some of them were eaten by the cat. How many goldfish remained?,"Let's see... Paige started with 15 goldfish. Some of them were eaten by the stray cats. To find out how many goldfish remained, we need to subtract the number of goldfish that were eaten from the total number of goldfish.

Can you please tell me how many goldfish were eaten by the stray cats?"
abstain,"Tom decides to take 10 dance lessons that cost $10 each, but he gets some of them for free. How much does he pay?","Let's break this down step by step! Tom takes 10 dance lessons, and each lesson costs $10. So, the total cost of the lessons would be:

10 lessons x $10 each = $100

However, Tom gets some of the lessons for free. That means he doesn't have to pay for those lessons. Let's say he gets x lessons for free. Then, he would only have to pay for the remaining lessons.

The number of lessons he pays for would be:

10 - x

The cost of the lessons he pays for would be:

(10 - x) x $10

To find out how much Tom pays, we need to subtract the cost of the free lessons from the total cost:

(10 - x) x $10 - 0 (since he gets x lessons for free)

Now, we can simplify this expression:

$100 - (10x)

Since we don't know the value of x (the number of free lessons), we can't give a specific answer. But we can say that Tom pays $100 minus the cost of the free lessons."
abstain,Faye was placing her pencils into rows with 5 pencils in each row. If she had 35 pencils and 7 crayons.How many columns could she make?,"Let's start by calculating how many pencils Faye has in total. She has 35 pencils.

Since she's placing them in rows with 5 pencils each, we can divide the total number of pencils by 5 to find the number of rows:

35 pencils ÷ 5 pencils per row = 7 rows

Since each row has 5 pencils, the number of columns (or groups) Faye can make is equal to the number of rows:

7 rows = 7 columns

The 7 crayons don't affect the calculation, as they're not being grouped with the pencils. So, Faye can make 7 columns with her pencils."
abstain,"For Halloween Sarah received more than 66 pieces of candy from neighbors and less than 15 pieces from her older sister. If she only ate 9 pieces a day, how long would the candy last her? ","Let's break this down step by step!

Sarah received more than 66 pieces of candy from neighbors, so let's assume she received 67 pieces (since it's more than 66).

She received less than 15 pieces from her older sister, so let's assume she received 14 pieces (since it's less than 15).

In total, Sarah has 67 + 14 = 81 pieces of candy.

She eats 9 pieces of candy per day. To find out how many days the candy will last, we can divide the total number of pieces by the number of pieces she eats per day:

81 pieces ÷ 9 pieces/day = 9 days

So, the candy will last Sarah 9 days."
abstain,23 children were riding on the bus. At the bus stop some children got on the bus while some got off the bus. Then there were 8 children altogether on the bus. How many more children got off the bus than those that got on?,"Let's break this down step by step!

Initially, there were 23 children on the bus.

Then, some children got on the bus, and some got off the bus. Let's say x children got on the bus and y children got off the bus.

The total number of children on the bus after the additions and subtractions is 8.

We can set up an equation based on this information:

23 - y + x = 8

Simplifying the equation, we get:

x - y = -15

This equation tells us that the number of children who got on the bus minus the number of children who got off the bus is -15.

To find the difference between the number of children who got off the bus and those who got on, we can rewrite the equation as:

y - x = 15

So, 15 more children got off the bus than got on."
abstain,"A fisherman catches 3 types of fish in his net.  There are bass, 1/4 as many trout as bass, and double the number of blue gill as bass.  How many fish did the fisherman catch total?","Let's break this down step by step!

Let's say the number of bass is x.

Since there are 1/4 as many trout as bass, the number of trout is x/4.

Since there are double the number of blue gill as bass, the number of blue gill is 2x.

The total number of fish is the sum of the bass, trout, and blue gill:

x + x/4 + 2x

Combine like terms:

3.25x

So, the fisherman caught a total of 3.25x fish."
abstain,A pet store had some siamese cats and some house cats. During a sale they sold 15 cats. How many cats do they have left? ,"Let's break this down! Since we don't have any specific information about the number of Siamese cats and house cats initially, we can't provide an exact answer. However, we can make an educated guess.

Let's assume the pet store had some number of Siamese cats and some number of house cats. During the sale, they sold 15 cats. To find out how many cats they have left, we need to know how many cats they had initially.

Could you please provide more information about the number of Siamese cats and house cats the pet store had initially? That way, we can calculate the exact number of cats they have left after the sale."
abstain,James buys 200 lotto tickets for 2 dollars each.  Of those tickets 20% are winners.  80% of the winners are for 5 dollars. 1 ticket is the grand prize of lots of dollars.  The other tickets win an average of $10.  How much did he profit?,"Let's break this down step by step!

First, James buys 200 lotto tickets for $2 each, so he spends a total of:

200 tickets x $2 per ticket = $400

Next, 20% of the tickets are winners, which is:

200 tickets x 0.20 = 40 winning tickets

Now, 80% of the winners are for $5, which is:

40 winning tickets x 0.80 = 32 tickets x $5 per ticket = $160

One ticket is the grand prize, worth $lots of dollars (we'll come back to this). The other 7 winning tickets (40 - 32 - 1 = 7) win an average of $10 each, so:

7 tickets x $10 per ticket = $70

The total amount James wins is:

$160 + $70 + $lots of dollars (grand prize) =?

Since James spent $400, his profit is the total amount he wins minus what he spent:

Profit = Total amount won - $400

We can't calculate the exact profit yet, as we don't know the value of the grand prize. However, we can express the profit as:

Profit = ($160 + $70 + $lots of"
abstain,Nancy can hula hoop for some minutes.  Casey can hula hoop 3 minutes less than Nancy.  Morgan can hula hoop three times as long as Casey.  How long can Morgan hula hoop?,"Let's break this down step by step!

We know that Nancy can hula hoop for some minutes, which we'll call x.

Casey can hula hoop 3 minutes less than Nancy, so Casey can hula hoop for x - 3 minutes.

Morgan can hula hoop three times as long as Casey, so Morgan can hula hoop for 3(x - 3) minutes.

Since Morgan can hula hoop three times as long as Casey, we can set up an equation:

3(x - 3) = x

Simplifying the equation, we get:

3x - 9 = x

Adding 9 to both sides, we get:

3x = x + 9

Subtracting x from both sides, we get:

2x = 9

Dividing both sides by 2, we get:

x = 4.5

So Nancy can hula hoop for 4.5 minutes. Since Casey can hula hoop 3 minutes less than Nancy, Casey can hula hoop for 4.5 - 3 = 1.5 minutes.

Morgan can hula hoop three times as long as Casey, so Morgan can hula hoop for 3(1.5) = "
abstain,"Claire is scheduling her day. She has four hours to clean and two hours to cook, then divides the rest of her working day between crafting and tailoring. She then sleeps eight hours. If all of this takes place within one day, how many hours did Claire spend crafting?","Let's break down Claire's day:

* Cleaning: 4 hours
* Cooking: 2 hours
* Total time spent on cleaning and cooking: 4 + 2 = 6 hours
* Remaining hours in the day: 24 (total hours in a day) - 6 = 18 hours
* Sleeping: 8 hours
* Time left for crafting and tailoring: 18 - 8 = 10 hours

Since Claire divides the remaining hours between crafting and tailoring, we can assume she spends equal time on both. To find the hours spent crafting, we can divide the remaining hours by 2:

10 hours (remaining) ÷ 2 = 5 hours

So, Claire spends 5 hours crafting."
abstain,"Adam didn't buy 13 boxes of chocolate candy and gave 7 to his little brother. If each box has 6 pieces inside it, how many pieces did Adam still have? ","Let's break it down step by step.

Adam started with 13 boxes of chocolate candy, and each box has 6 pieces inside. So, the total number of pieces Adam had initially is:

13 boxes x 6 pieces/box = 78 pieces

Adam gave 7 boxes to his little brother, which means he gave away:

7 boxes x 6 pieces/box = 42 pieces

Now, let's subtract the number of pieces Adam gave away from the total number of pieces he had initially:

78 pieces - 42 pieces = 36 pieces

So, Adam still has 36 pieces of chocolate candy."
abstain,There were 12 roses and some orchids in the vase. Jessica cut some more roses and orchids from her flower garden. There are now 10 roses and 21 orchids in the vase. How many orchids did she cut?,"Let's break it down step by step!

Initially, there were 12 roses in the vase. After Jessica cut some roses, there are now 10 roses. This means she cut 12 - 10 = 2 roses.

Initially, there were some orchids in the vase, and after Jessica cut some, there are now 21 orchids. Since we don't know the initial number of orchids, let's call it x. After cutting some, there are 21 orchids, so the number of orchids cut can be represented as x - 21.

We know that the total number of orchids initially is equal to the number of orchids cut plus the number of orchids remaining, which is 21. So, we can set up the equation:

x = x - 21 + 21

Simplifying the equation, we get:

x = 21

So, there were 21 orchids initially. To find the number of orchids cut, we subtract the number of orchids remaining from the initial number:

x - 21 = 21 - 21 = 0

Jessica didn't cut any orchids initially. However, we know that there are now 21 orchids in the vase. This means she"
abstain,Bryan took a look at his books and magazines. If he has 9 books and 46 magazines in each of his 10 bookshelves.How many autobiography does he have in total?,"I think there might be a slight misunderstanding! Bryan didn't mention anything about autobiography. He only mentioned books and magazines. The question asks how many autobiography does he have in total, but the information provided doesn't mention autobiography at all. Could you please clarify or rephrase the question? I'd be happy to help you with the correct information!"
abstain,"Annie is building a diorama for her history class. The amount of time she spent building it is equal to three times the amount of time she spent planning it minus more than 5 minutes. If she spent 67 minutes on the diorama total, how many minutes did she spend building it?","Let's break this down step by step!

Let's say Annie spent x minutes planning the diorama.

Since the amount of time she spent building the diorama is equal to three times the amount of time she spent planning it minus more than 5 minutes, we can write an equation:

Building time = 3 × Planning time - 5 + 1 (because ""more than 5 minutes"" means 5 + 1)

We know that the total time Annie spent on the diorama is 67 minutes, which is the sum of the planning time and the building time:

Total time = Planning time + Building time
67 = x + (3 × x - 5 + 1)

Combine like terms:

67 = x + 3x - 4
67 = 4x - 4

Add 4 to both sides:

71 = 4x

Divide both sides by 4:

x = 17.75

Since Annie spent 17.75 minutes planning the diorama, the building time is:

Building time = 3 × 17.75 - 5 + 1
= 53.25 - 5 + 1
= 48.25

So Annie spent approximately 48.25 minutes"
abstain,Amalia can read many pages of her book in 2 minutes. How many minutes will it take her to read 18 pages of her book?,"Let's analyze the situation! Amalia can read many pages of her book in 2 minutes. This means that the number of pages she reads in 2 minutes is a constant rate.

To find the rate, we can divide the number of pages she reads in 2 minutes by 2. Let's say she reads x pages in 2 minutes. Then, the rate is:

Rate = x pages / 2 minutes

We know that Amalia can read many pages in 2 minutes, so the rate is likely to be a significant number. Let's assume the rate is 9 pages per minute (which is a reasonable rate for reading).

Now, we want to find the time it takes Amalia to read 18 pages. We can set up a proportion:

Rate = Total pages / Time

9 pages/minute = 18 pages / x minutes

To solve for x, we can multiply both sides by x:

9x = 18

Dividing both sides by 9:

x = 2

So, it will take Amalia 2 minutes to read 18 pages of her book."
abstain,In fourth grade there were more than 4 students at the start of the year. During the year 3 students left and 42 new students came to school. How many students were in fourth grade at the end? ,"Let's break this down step by step!

Initially, there were more than 4 students in fourth grade. Let's assume there were x students.

During the year, 3 students left, so the number of students decreased by 3. The new number of students would be x - 3.

Then, 42 new students came to school, so the total number of students increased by 42. The new total number of students would be (x - 3) + 42.

We can simplify this expression by combining like terms: (x - 3) + 42 = x + 39.

So, at the end of the year, there were x + 39 students in fourth grade."
abstain,"The grasshopper, the frog and the mouse had a jumping contest. The grasshopper jumped 19 inches. The frog jumped more than 9 inches farther than the grasshopper and the mouse jumped less than 20 inches farther than the frog. How much farther did the mouse jump than the grasshopper?","Let's break this down step by step!

The grasshopper jumped 19 inches.

The frog jumped more than 9 inches farther than the grasshopper, so the frog jumped 19 + 9 = 28 inches.

The mouse jumped less than 20 inches farther than the frog, so the mouse jumped 28 + x inches, where x is less than 20.

We know that the mouse jumped less than 20 inches farther than the frog, so x is less than 20. This means that the mouse jumped at most 28 + 19 = 47 inches.

To find out how much farther the mouse jumped than the grasshopper, we need to subtract the grasshopper's jump from the mouse's jump:

Mouse's jump - Grasshopper's jump = 47 - 19 = 28 inches

So, the mouse jumped 28 inches farther than the grasshopper."
abstain,"Olivia and her mom were picking carrots from their garden. Olivia picked 20 and her mother picked 14. If only some of the carrots were good, how many bad carrots did they have? ","Let's start by adding the number of carrots Olivia and her mom picked: 20 + 14 = 34.

Since not all of the carrots are good, the total number of carrots they picked includes both good and bad carrots. Let's say the number of good carrots is x.

We can set up an equation to represent the situation: x + (34 - x) = 34

This equation is saying that the total number of carrots (x + (34 - x)) is equal to 34.

Simplifying the equation, we get: x + 34 - x = 34

Combine like terms: 34 = 34

This equation is true, which means that x, the number of good carrots, is equal to 34.

However, this doesn't make sense because there can't be 34 good carrots if Olivia and her mom picked a total of 34 carrots. This means that our initial assumption that x is equal to the total number of carrots is incorrect.

Let's try again. Let's say the number of good carrots is actually x.

We can set up an equation to represent the situation: x + (34 - x) = good carrots

This equation is saying that the total number of carrots (x + ("
abstain,Baker made 173 cakes. He bought 103 new cakes and sold 86 cakes. How many cookies did he sell?,"I think there might be a mistake in your question! Baker didn't sell cookies, he sold cakes. Let's calculate how many cakes he has left after buying and selling.

Initially, Baker had 173 cakes.
He bought 103 new cakes, so now he has:
173 + 103 = 276 cakes

Then, he sold 86 cakes, so now he has:
276 - 86 = 190 cakes

So, Baker has 190 cakes left."
abstain,"A waiter had 9 tables he was waiting on, with women and men at each table. How many customers total did the waiter have? ","Let's break it down! Since there are 9 tables, and each table has both a woman and a man, that means each table has 2 customers. To find the total number of customers, we can multiply the number of tables by the number of customers per table:

9 tables x 2 customers per table = 18 customers

So, the waiter had a total of 18 customers."
abstain,"Megan baked 68 cupcakes for her school's bake sale. If her brother, Todd, ate 32 of them how many packages could she make if she put -6 cupcake in each package? ","Let's first calculate how many cupcakes Megan has left after Todd ate 32:

68 (initial cupcakes) - 32 (cupcakes eaten by Todd) = 36 cupcakes

Now, let's divide the remaining cupcakes by the number of cupcakes per package to find out how many packages Megan can make:

36 cupcakes ÷ 6 cupcakes per package = 6 packages

So, Megan can make 6 packages with the remaining cupcakes."
abstain,"Jack has received some emails in the afternoon, 6 emails in the morning and some more in the evening. If he received a total of 10 emails in the day.How many emails did jack receive in the evening?","Let's break it down! Jack received 6 emails in the morning. Since he received a total of 10 emails in the day, that means he received 10 - 6 = 4 emails in the afternoon and evening combined.

Since he received 6 emails in the morning, that leaves 4 emails for the afternoon and evening. We know he received some more emails in the evening, but not all 4. So, he must have received fewer than 4 emails in the evening."
abstain,White shirts can be purchased in packages of 13 to 1300 or 13. If mom buys more than 100000 white shirts. How many shirt packages does she buy exactly?,"Let's break this down step by step!

Since the number of white shirts Mom buys is more than 100,000, we can start by dividing 100,000 by the smallest package size of 13.

100,000 ÷ 13 = approximately 7,692.31

Since you can't buy a fraction of a package, we'll round down to the nearest whole number. So, Mom would need at least 7,692 packages of 13 shirts each.

However, we need to consider the upper limit of the package sizes, which is 1300. Let's divide 100,000 by 1300 to see if we can get a more accurate estimate.

100,000 ÷ 1300 = approximately 76.92

Again, we'll round down to the nearest whole number. So, Mom would need at least 76 packages of 1300 shirts each.

Since 76 is less than 7,692, we can conclude that Mom would need to buy 76 packages of 1300 shirts each to get a total of 100,000 white shirts."
abstain,"A grocery store had 57 bottles of regular soda, 26 bottles of diet soda and 27 bottles of lite soda. How many cups did they have total?","The grocery store had 57 bottles of regular soda, 26 bottles of diet soda, and 27 bottles of lite soda. Since there is no information about the size of the cups, we cannot determine the exact number of cups."
abstain,Debby bought 88 water bottles and 13 soda bottles when they were on sale. If she drank 4 water cups and 87 soda cups a day. How many days would she last?,"Let's break this down step by step!

Debby started with 88 water bottles and 13 soda bottles. Each day, she drank 4 water cups and 87 soda cups.

First, let's calculate how many water cups she has left each day:

88 water bottles = 88 x 8 = 704 water cups (assuming 8 cups per bottle)

Each day, she drinks 4 water cups, so:

704 water cups - 4 water cups = 700 water cups left

Next, let's calculate how many soda cups she has left each day:

13 soda bottles = 13 x 12 = 156 soda cups (assuming 12 cups per bottle)

Each day, she drinks 87 soda cups, so:

156 soda cups - 87 soda cups = 69 soda cups left

To find out how many days she would last, we need to find the least common multiple (LCM) of the number of days it would take for her to finish the water and soda. Let's calculate the number of days for each:

Water: 700 water cups / 4 cups per day = 175 days
Soda: 69 soda cups / 87 cups per day = 0.79 days (round down to"
abstain,3 birds were sitting on the fence. 6 more storks and 2 more birds came to join them.And then at least 3 birds flew away.How many more storks than birds are sitting on the fence?,"Let's break this down step by step.

Initially, there were 3 birds sitting on the fence.

6 more storks and 2 more birds came to join them, so the total number of birds is now 3 + 2 = 5 birds.

The number of storks is 6, so the total number of birds and storks is 5 birds + 6 storks = 11.

At least 3 birds flew away, so the number of birds left is 5 - 3 = 2 birds.

The number of storks is still 6, so the number of storks left is 6.

To find out how many more storks than birds are sitting on the fence, subtract the number of birds from the number of storks: 6 - 2 = 4.

So, there are 4 more storks than birds sitting on the fence."
abstain,Ed had 12 more marbles than Doug. Ed and Doug lost totally 20 of his marbles at the playground. If Ed had 17 marbles.How many marbles does Doug have now?,"Let's break this down step by step!

Ed had 12 more marbles than Doug. This means that if Ed has x marbles, Doug has x - 12 marbles.

We know that Ed had 17 marbles initially.

So, Ed's initial number of marbles is x = 17.

Since Ed has 12 more marbles than Doug, Doug's initial number of marbles is x - 12 = 17 - 12 = 5.

Now, Ed and Doug lost a total of 20 marbles at the playground. We know that Ed had 17 marbles initially, so he lost 17 - 17 = 0 marbles (since he still has 17 marbles).

This means that Doug lost all 20 marbles. Since Doug initially had 5 marbles, he now has 5 - 20 = -15 marbles.

However, since you can't have a negative number of marbles, this means that Doug lost all his marbles and now has 0 marbles.

So, Doug has 0 marbles now."
abstain,"The school cafeteria ordered 25 red apples and 17 green apples for students lunches. But, if only 10 students wanted some fruits, each student was given several fruits, how many extra did the cafeteria end up with? ","Let's break this down step by step!

The cafeteria ordered 25 red apples and 17 green apples, so in total, they had 25 + 17 = 42 apples.

Each of the 10 students was given some fruits, but the problem doesn't specify how many fruits each student got. Let's assume that each student got an equal number of fruits. To find the total number of fruits given to the students, we can multiply the number of students by the number of fruits each student got. Since we don't know the exact number of fruits each student got, we'll call this number ""x"". So, the total number of fruits given to the students is 10x.

The total number of fruits given to the students (10x) must be equal to the total number of apples available (42). So, we can set up the equation:

10x = 42

To solve for x, we can divide both sides by 10:

x = 42 ÷ 10
x = 4.2

Since you can't give a fraction of a fruit, we'll round down to the nearest whole number. Let's say each student got 4 fruits.

Now, let's find the total number of fruits given to the"
abstain,Jerry had some action figures on a shelf in his room. Later he added 2 more action figures to the shelf and removed 7 of the old ones. If there are 10 action figures on his shelf now.How many anime figures did he have initially on the shelf?,"Let's break this down step by step.

Initially, Jerry had some action figures on the shelf, but we don't know how many. Let's call this number x.

Later, Jerry added 2 more action figures to the shelf, so the total number of action figures became x + 2.

Then, Jerry removed 7 of the old action figures, leaving him with a total of x + 2 - 7 action figures on the shelf.

Now, we know that there are 10 action figures on the shelf now. So, we can set up the equation:

x + 2 - 7 = 10

To solve for x, we can add 7 to both sides of the equation:

x + 2 = 17

Then, we can subtract 2 from both sides:

x = 15

So, Jerry initially had 15 action figures on the shelf."
abstain,"There were more than 2 friends playing a video game online when 2 more players joined the game. If each player had 3 lives, how many lives did they have total? ","Let's break it down step by step!

Initially, there were more than 2 friends playing the game, so let's assume there were x friends. Since 2 more players joined, the total number of players is x + 2.

Each player has 3 lives, so the total number of lives initially is 3(x).

After 2 more players join, the total number of lives becomes 3(x + 2).

To find the total number of lives, we can simplify the expression:

3(x + 2) = 3x + 6

So, the total number of lives is 3x + 6.

Since we don't know the exact number of friends initially, we can't give a specific answer. However, we can say that the total number of lives is 3x + 6, where x is the number of friends initially."
abstain,Winter is almost here and most animals are migrating to warmer countries. There are 8 bird families living near the mountain. If 42 bird families flew away to africa and 31 bird families flew away to asia.How many more bird families flew away to africa than those that flew away to europe?,"I think there might be a slight misunderstanding in the question. It seems that you mentioned ""Europe"" but it's not mentioned that any bird families flew away to Europe. Instead, you mentioned that some flew away to Africa and Asia. Could you please clarify or provide more information about the question?"
abstain,He then went to see the oranges being harvested. He found out that they harvest 41 sacks of unripe oranges and 86 sacks of ripe oranges per day. How many ripe apples did he harvest? ,"I think there may be a mistake in your question. You mentioned oranges, but then asked about ripe apples. Oranges and apples are two different types of fruits, and it's not possible to harvest apples when you're harvesting oranges.

Could you please clarify or correct your question? Are you asking about the total number of oranges harvested, or is there something else I'm missing? I'd be happy to help if you provide more information."
abstain,Helen the hippo and her friends are preparing for thanksgiving at Helen's house. Helen baked a handful of chocolate chip cookies and 46 raisin cookies yesterday. And she baked 75 raisin cookies and 66 chocolate chip cookies this morning. How many more chocolate chip cookies did Helen bake yesterday compared to today?,"Let's break it down! Helen baked 46 raisin cookies and some chocolate chip cookies yesterday. We don't know the exact number of chocolate chip cookies she baked yesterday, but we can find out the difference between the number of chocolate chip cookies she baked yesterday and today.

Yesterday, Helen baked 46 raisin cookies and an unknown number of chocolate chip cookies. Today, she baked 66 chocolate chip cookies. To find the difference, we'll subtract the number of chocolate chip cookies she baked today from the unknown number of chocolate chip cookies she baked yesterday.

Let's say she baked x chocolate chip cookies yesterday. Then, the number of chocolate chip cookies she baked yesterday is x.

The number of chocolate chip cookies she baked today is 66. To find the difference, we'll subtract 66 from x.

x - 66 =?

We know that Helen baked a handful of chocolate chip cookies yesterday. This means that the number of chocolate chip cookies she baked yesterday is more than 0. So, x - 66 must be greater than 0.

This means that x must be greater than 66. In other words, Helen baked more chocolate chip cookies yesterday than she did today.

To find the exact number of chocolate chip cookies Helen baked yesterday, we would need"
abstain,Katie had 91 ds games and her new friends had at least 88 games and old friends had at most 53 games. How many games do her friends have in all?,"Let's break this down step by step!

Katie has 91 DS games.

Her new friends have at least 88 DS games, so we can set a minimum number of games for them. Let's call this minimum number ""x"".

Her old friends have at most 53 DS games, so we can set a maximum number of games for them. Let's call this maximum number ""y"".

To find the total number of games her friends have, we need to add the minimum number of games her new friends have (x) to the maximum number of games her old friends have (y).

So, the total number of games her friends have is:

x + y

We know that Katie has 91 DS games, and her new friends have at least 88 DS games. This means that Katie's new friends must have exactly 88 DS games (since they can't have fewer than 88).

Now, let's set up an equation to represent the situation:

91 (Katie's games) = 88 (new friends' games) + y (old friends' games)

To solve for y, we can subtract 88 from both sides of the equation:

91 - 88 = y

y = 3

So, her old friends have"
abstain,Rachel bought two coloring books. One had 24 pictures and the other had 39. After one week she had already colored 4 of the pictures. How many pictures does she still have to color in the first coloring book? ,"Let's break it down step by step!

Rachel has two coloring books. One has 24 pictures and the other has 39 pictures.

After one week, she has already colored 4 pictures. This means she has colored 4 pictures in total, but we don't know which coloring book they are from.

To find out how many pictures she still has to color in the first coloring book, we need to subtract the 4 pictures she has already colored from the total number of pictures in the first coloring book.

The first coloring book has 24 pictures, so:

24 (total pictures) - 4 (already colored) = 20

Rachel still has to color 20 pictures in the first coloring book."
abstain,"A worksheet had problems on it. If a teacher had 17 worksheets to grade and had already graded 8 of them, how many more problems does she have to grade? ","Let's break it down! The teacher has 17 worksheets in total, and she's already graded 8 of them. To find out how many more problems she has to grade, we need to subtract the number of worksheets she's already graded from the total number of worksheets.

17 (total worksheets) - 8 (already graded) = 9

So, the teacher has 9 more worksheets to grade."
abstain,Caleb and his dad went fishing at the lake.  Caleb caught 2 trouts and his dad caught many times as much as Caleb.  How many more trouts did his dad catch compared to Caleb?,"Let's break it down step by step.

Caleb caught 2 trouts.

His dad caught many times as much as Caleb, which means his dad caught a multiple of 2.

Since Caleb caught 2 trouts, his dad caught 2 x n trouts, where n is a positive integer.

To find out how many more trouts his dad caught compared to Caleb, we can subtract the number of trouts Caleb caught from the number of trouts his dad caught:

2 x n - 2

Since we don't know the exact value of n, we can't give a specific answer. However, we can say that his dad caught 2 more trouts than Caleb for every additional trout his dad caught."
abstain,Paige was helping her mom plant flowers and together they planted 45 seeds in 9 flowerbeds. If they put same number of seeds in each flower bed.,"Let's break this down! Since they planted the same number of seeds in each flowerbed, we can divide the total number of seeds (45) by the number of flowerbeds (9) to find out how many seeds they put in each bed.

45 ÷ 9 = 5

So, Paige and her mom put 5 seeds in each of the 9 flowerbeds."
abstain,"Maria was making baggies of cookies with 8 cookies in each bag. If she had more than 5 chocolate chip cookies and less than 19 oatmeal cookies, how many baggies could she make? ","Let's break this down step by step!

Since Maria has more than 5 chocolate chip cookies, we can assume she has at least 6 chocolate chip cookies.

She also has less than 19 oatmeal cookies, so we can assume she has at most 18 oatmeal cookies.

The total number of cookies she has is the sum of the chocolate chip cookies and the oatmeal cookies: 6 (chocolate chip) + x (oatmeal) = x + 6, where x is the number of oatmeal cookies.

Since she can make baggies with 8 cookies in each bag, we need to find the largest multiple of 8 that is less than or equal to x + 6.

The multiples of 8 that are less than or equal to x + 6 are:

8, 16, 24, 32, 40, 48, 56, 64, 72, 80, 88, 96, 104, 112, 120, 128

The largest multiple of 8 that is less than or equal to x + 6 is 24, since 24 is the greatest multiple of 8 that is less than or equal to 19 (the maximum number of oat"
abstain,Olivia spent 78 dollars at a supermarket. How much money did she have initially?,"Let's try to solve this problem. If Olivia spent $78 at the supermarket, that means she must have had at least $78 more than she has left.

Let's say she has x dollars initially. After spending $78, she will have x - 78 dollars left.

We know that the total amount of money she has initially (x) is the amount she has left (x - 78) plus the amount she spent ($78).

So, we can set up the equation:

x = x - 78 + 78

Simplifying the equation, we get:

x = x

This means that Olivia had at least $78 initially. However, this is not a specific answer because we don't know the exact amount. To find the exact amount, we would need more information."
abstain,Edward spent money to buy several books each book costing him different amount of money. Now he has $ 1200. How much did each book cost?,"Let's try to solve this problem step by step.

Since Edward has spent a total of $1200, we can set up an equation to represent the total amount he spent:

Total amount spent = Number of books × Cost of each book

We know that the total amount spent is $1200, so we can write:

1200 = x × cost of each book

Where x is the number of books.

To find the cost of each book, we need to know the number of books Edward bought. Unfortunately, that information is not provided. Can you please tell me how many books Edward bought?"
abstain,A lorry is 500 pounds when empty. What will its weight be if it's loaded with 20 bags of apples?,"To find the weight of the lorry when loaded with apples, we need to know the weight of each bag of apples. Let's assume that each bag of apples weighs 10 pounds.

Since there are 20 bags of apples, the total weight of the apples is:

20 bags x 10 pounds per bag = 200 pounds

The weight of the lorry when empty is 500 pounds. To find the total weight of the lorry when loaded, we add the weight of the apples to the weight of the lorry:

500 pounds (lorry) + 200 pounds (apples) = 700 pounds

So, the weight of the lorry when loaded with 20 bags of apples is 700 pounds."
abstain,"Every day Ryan spends 7 hours on learning english, 2 hours on learning Chinese and 4 hours on learning Spanish. How many more hours does he spend on learning english than he does on learning Japanese?","I think there might be a small mistake in the question. Ryan doesn't seem to be learning Japanese, but rather English, Chinese, and Spanish. Japanese is not mentioned as one of the languages he is learning.

If that's the case, the question doesn't make sense, as we can't compare the time spent on learning English to the time spent on learning Japanese, since he's not learning Japanese. Could you please clarify or rephrase the question? I'd be happy to help if I can."
abstain,"Mike made 42 dollars mowing lawns over the summer. If he spent 10 dollars buying new mower blades, how many games could he buy with the money he had left? ","Let's calculate the money Mike had left after buying the new mower blades.

Mike made $42 mowing lawns and spent $10 on new mower blades, so he spent a total of $42 - $10 = $32.

Now, let's assume Mike wants to buy games with the money he has left. If he wants to buy games that cost $5 each, how many games could he buy?

To find the answer, we can divide the amount of money Mike has left ($32) by the cost of each game ($5).

$32 ÷ $5 = 6.4

Since you can't buy a fraction of a game, Mike could buy 6 games with the money he has left."
abstain,"The school cafeteria ordered 43 red apples and 32 green apples for students lunches. But, if only 2 students wanted some fruits, how many extra did the cafeteria end up with? ","Let's break this down step by step!

The cafeteria ordered 43 red apples and 32 green apples, which makes a total of:

43 (red apples) + 32 (green apples) = 75 apples

However, only 2 students wanted some fruits, which means they would only take a few apples. Let's assume they take an equal number of red and green apples, so they take:

1 red apple and 1 green apple = 2 apples

Now, let's subtract the number of apples taken by the students from the total number of apples:

75 (total apples) - 2 (apples taken) = 73 apples

Since the cafeteria had 75 apples initially, they would have:

75 (initial apples) - 73 (apples left) = 2 apples

So, the cafeteria ended up with 2 extra apples."
abstain,"Chloe picked more than 48 carrots from her garden. If she threw out 45 of them and then picked 42 more the next day, how many carrots would she have total? ","Let's work through this step by step.

Chloe started with more than 48 carrots. She threw out 45 of them, so she was left with:

48 (initial carrots) - 45 (carrots thrown out) = 3 carrots

The next day, she picked 42 more carrots. So, she now has:

3 (carrots left over) + 42 (new carrots picked) = 45 carrots

Therefore, Chloe would have a total of 45 carrots."
abstain,"The grasshopper, the frog and the mouse had a jumping contest. The grasshopper jumped 25 inches. The frog jumped 18 inches farther than the grasshopper and the mouse jumped 2 inches farther than the frog. How far did the bird jump?","There is no bird mentioned in the story. The contest is between a grasshopper, a frog, and a mouse. Let's focus on their jumps.

The grasshopper jumped 25 inches.
The frog jumped 18 inches farther than the grasshopper, so the frog jumped 25 + 18 = 43 inches.
The mouse jumped 2 inches farther than the frog, so the mouse jumped 43 + 2 = 45 inches.

There is no information about a bird jumping, so we can't determine how far the bird jumped."
abstain,Last week Fred had 60 dollars and Jason had 19 dollars. Jason washed cars over the weekend and now has 33 dollars. How much money did Fred make washing cars?,"Let's break this down step by step!

We know that Jason had 19 dollars initially and now has 33 dollars. To find out how much money Jason made washing cars, we need to subtract his initial amount from his new amount:

33 (new amount) - 19 (initial amount) = 14

So, Jason made 14 dollars washing cars.

Now, let's think about Fred. We don't have any information about Fred washing cars or making any money. We only know that Fred had 60 dollars initially. We can't conclude that Fred made any money washing cars because there's no evidence to support that claim.

Therefore, I'd say that we don't have enough information to determine how much money Fred made washing cars. We can only say that Fred had 60 dollars initially and that Jason made 14 dollars washing cars."
abstain,Janet counts 30 crows on the powerlines and there are more hawks than crows. How many birds does she count total?,"Let's break this down step by step. Janet counts 30 crows. Since there are more hawks than crows, that means there are at least 30 hawks. We can't determine the exact number of hawks without more information, but we know it's greater than 30.

To find the total number of birds, we can add the number of crows to the number of hawks. Since we don't know the exact number of hawks, we can represent it as ""30 + x"", where x is the number of hawks.

So, the total number of birds is 30 (crows) + x (hawks)."
abstain,"Isabel baked 39 cupcakes for her school's bake sale. If her brother, Todd, ate some of them how many packages could she make if she put 3 cupcake in each package? ","Let's start by identifying how many cupcakes Isabel has left after Todd ate some. We don't know how many cupcakes Todd ate, but we can find out how many Isabel has left by subtracting the number of cupcakes Todd ate from the total number of cupcakes Isabel started with.

Isabel started with 39 cupcakes. Let's call the number of cupcakes Todd ate ""x"". Then, the number of cupcakes Isabel has left is:

39 - x

Now, let's find out how many packages Isabel can make with the cupcakes she has left. Each package contains 3 cupcakes, so the number of packages she can make is:

(39 - x) ÷ 3

We can simplify this expression by multiplying the numerator and denominator by 1:

(39 - x) ÷ 3 = (39 - x) × (1 ÷ 3)

= (39 - x) ÷ 3

To find the exact number of packages Isabel can make, we would need to know how many cupcakes Todd ate. Can you tell me how many cupcakes Todd ate?"
abstain,"Sam was collecting cans for recycling. On Saturday he filled -4 bags up and on Sunday he filled 3 more bags. If each bag had -6 cans in it, how many cans did he pick up total? ","Let's break it down step by step!

On Saturday, Sam filled -4 bags, which means he had 4 bags with -6 cans in each bag. So, on Saturday, he collected a total of:

-4 bags × -6 cans/bag = 24 cans

On Sunday, he filled 3 more bags, which also had -6 cans in each bag. So, on Sunday, he collected a total of:

3 bags × -6 cans/bag = 18 cans

To find the total number of cans Sam collected, we add the number of cans he collected on Saturday and Sunday:

24 cans + 18 cans = 42 cans

So, Sam collected a total of 42 cans for recycling!"
abstain,Paul got a box of some crayons for his birthday. By the end of the school year he had either lost or given away 551 of them and only had 177 left. How many crayons did a box contain?,"Let's break this down step by step!

We know that Paul started with some number of crayons, which we'll call x. After losing or giving away some of them, he had 177 left.

We also know that he lost or gave away a total of 551 crayons. To find the number of crayons he started with, we can set up an equation:

x - 551 = 177

To solve for x, we can add 551 to both sides of the equation:

x = 177 + 551

x = 728

So, the box contained 728 crayons."
abstain,Randy has 90 blocks. He uses 89 blocks to build a house and 63 blocks to build a tower.,"Let's calculate how many blocks Randy has left.

Randy starts with 90 blocks.

He uses 89 blocks to build a house, leaving him with:

90 - 89 = 1 block

Then, he uses 63 blocks to build a tower, leaving him with:

1 - 63 = -62 blocks

However, it's not possible to have a negative number of blocks, so it seems that there's an issue with the information provided. Randy can't possibly have -62 blocks left after using 63 blocks. Could you please clarify or provide more information about what happened to the blocks?"
answer,In which decade of the 20th century was Dan Aykroyd born?,"Dan Aykroyd was born on July 1, 1952. He was born in the 1950s, but since you're asking about the 20th century, I'd say he was born in the 1950s, which falls within the 20th century."
answer,What was the title of Kitty Kelley's book about Elizabeth Taylor?,"Kitty Kelley's book about Elizabeth Taylor is titled ""His Way: The Unauthorized Biography of Frank Sinatra"" (1986). However, it's worth noting that Kelley's book was not specifically about Elizabeth Taylor. If you're looking for a book about Elizabeth Taylor, I can try to help you with that!"
answer,Which state did Amelia Earhart land in on her first solo Pacific flight?,"Amelia Earhart did not land in any state on her first solo Pacific flight because she did not make a solo Pacific flight. Her first solo flight across the Atlantic Ocean was from Newfoundland, Canada to Ireland on May 20-21, 1932. She was accompanied by a navigator, Fred Noonan, on her attempted flight around the world in 1937, which ended in mystery when they disappeared over the Pacific Ocean."
answer,Who found the remains of the Titanic?,"The remains of the Titanic were discovered on September 1, 1985, by a French-American expedition led by Dr. Robert Ballard and Jean-Louis Michel. The team used a combination of sonar and submersible vehicles to locate and explore the wreckage, which was found at a depth of about 12,500 feet (3,800 meters) in the North Atlantic Ocean. The discovery was a significant moment in the history of maritime archaeology and has since been the subject of numerous expeditions and documentaries."
answer,The older Smothers Brother played what musical instrument?,"Tom Smothers, the older Smothers Brother, played the guitar and sang lead vocals on many of their songs."
answer,Who won the Oscar for directing It Happened One Night?,"Frank Capra won the Academy Award for Best Director for his work on ""It Happened One Night"" in 1935."
answer,Which team in the 70s won the Super Bowl by the biggest margin?,"The team that won the Super Bowl by the biggest margin in the 1970s was the Miami Dolphins, who defeated the Washington Redskins 27-3 in Super Bowl VII on January 14, 1973. The Dolphins won by a margin of 24 points."
answer,Which university did Cheryl Miller attend?,Cheryl Miller attended the University of Southern California (USC). She played college basketball for the USC Trojans women's basketball team from 1982 to 1986.
answer,What was the name of the she-ape that rescued the infant Tarzan and raised him to be Lord of the Apes?,"You're referring to the classic tale of Tarzan! According to the original story by Edgar Rice Burroughs, the she-ape who rescued the infant Tarzan and raised him to be Lord of the Apes was Kala, a female gorilla."
answer,What was Elvis's last No 1 in his own lifetime?,"Elvis Presley's last No. 1 single in his own lifetime was ""Way Down"" in 1977. It was a country-rock song that reached the top of the Billboard Hot Country Singles chart and stayed there for two weeks."
answer,Who wrote the song Momma Told Me Not To Come?,"The song ""Mama Told Me (Not to Come)"" was written by Randy Newman and was released in 1966. It was one of Newman's earliest hits, and it has since become a classic of the singer-songwriter genre."
answer,"""Which entertainer said, """"He was into animal husbandry--until they caught him at it?""","I'm not familiar with a specific entertainer who said that exact quote. Could you please provide more context or information about who you think might have said it? Alternatively, if you remember any other details or quotes from the same source, I might be able to help you identify the entertainer."
answer,Who is the youngest female tennis player to win the US Open?,"According to my knowledge, the youngest female tennis player to win the US Open is Maria Sharapova, who won the title in 2006 at the age of 17 years and 6 months."
answer,Which American company pioneered electric ignition in motor cars?,"The American company that pioneered electric ignition in motor cars was Delco (Delco-Light Company), a division of General Motors. In 1911, Delco developed the first electric ignition system, which replaced the earlier magneto-based ignition systems. This innovation made starting and running vehicles much easier and more reliable."
answer,Who did Dick Van Dyke play in The Dick Van Dyke Show?,"A classic TV show! Dick Van Dyke played the lead role of Rob Petrie, a comedy writer and the main character of the show. The show aired from 1961 to 1966 and starred Mary Tyler Moore as his wife Laura Petrie."
answer,"""What was the name of the """"girl with kaleidoscope eyes"""" in a Beatles song?""","That's a great question! The Beatles song you're referring to is likely ""Lucy in the Sky with Diamonds"" from their 1967 album ""Sgt. Pepper's Lonely Hearts Club Band"". The lyrics mention ""a girl with kaleidoscope eyes"" and her name is Lucy."
answer,In which country did King Hassan II ascend the throne in 1961?,"King Hassan II of Morocco ascended the throne on March 3, 1961, following the death of his father, King Mohammed V. Therefore, the country where King Hassan II ascended the throne in 1961 was Morocco."
answer,Bob Gaudio and Nick Massi sang with which group?,"Bob Gaudio and Nick Massi were both members of the Four Seasons, a popular American rock and pop band."
answer,In which mountains are Camp David?,"Camp David is located in the Catoctin Mountains in Maryland, United States. Specifically, it is situated in the Catoctin Mountain Park, which is part of the Frederick County, Maryland."
answer,What was the first name of the original food manufacturer Mr. Heinz?,"The original food manufacturer, Mr. Heinz, was Henry John Heinz. He founded the H.J. Heinz Company in 1869."
answer,Where did Ferdinand Marcos live in exile?,"Ferdinand Marcos, the former President of the Philippines, lived in exile in Hawaii, United States, after he was forced to flee the country in 1986 following the People Power Revolution. He and his wife, Imelda Marcos, settled in Honolulu, where they lived in a luxury estate known as the Makaha Beach Estate."
answer,Ron Bower and John Williams set a speed record for going round the world in a what?,Ron Bower and John Williams set a speed record for going around the world in a balloon.
answer,Which country did Albert Einstein move to as the Nazis rose to power?,"Albert Einstein moved to the United States in 1933, after the Nazi Party came to power in Germany. He was already in Belgium at the time, attending a conference, when he learned of the Nazi rise to power. He immediately left for the United States, where he was invited to take up a position at Princeton University."
answer,Which Hollywood star starred in the 50s show My Three Sons?,"The Hollywood star who starred in the 1950s TV show ""My Three Sons"" was Fred MacMurray. He played the lead role of Steve Douglas, a widowed father raising his three sons. The show aired from 1957 to 1965."
answer,Who had 70s hits with Have You Seen Her and Oh Girl?,"The group CHICAGO had a hit with the song ""Have You Seen Her"" in 1979. The group THE YOUNGBLOODS had a hit with the song ""Oh Girl"" in 1979 as well."
answer,US-born Adulyadej Bhumibol became king of which Asian country?,"Adulyadej Bhumibol was the King of Thailand, not the United States. He was born in Cambridge, Massachusetts, USA, but he became the King of Thailand in 1946 and reigned until his death in 2016."
answer,Which country has the rand as its currency?,The rand is the official currency of South Africa.
answer,In which sport was Richard Upton found positive in a drugs test in 1998?,"Richard Upton is not a well-known athlete, and a quick search did not yield any information about a Richard Upton testing positive for drugs in 1998. It is possible that you may be thinking of a different person or athlete. Could you provide more context or clarify which sport you are referring to? I'd be happy to try and help you further."
answer,In TV's All In The Family what was Mike and Gloria's son called?,"In the TV show ""All in the Family"", Mike and Gloria's son was named Joey Boudreau."
answer,Which is the largest of the Japanese Volcano Islands?,"The largest of the Japanese Volcano Islands is Iwo Jima (Iōjima). It is located approximately 1,200 kilometers (750 miles) south of the main Japanese island of Honshu and is known for its strategic importance during World War II. Iwo Jima is a small island, with a total area of about 24 square kilometers (9.3 square miles), but it is notable for its rugged terrain and its role in the war as a key airbase and naval base."
answer,Who was President Reagan's Secretary for Defense from 1987 to 1989?,"Frank Carlucci was the United States Secretary of Defense from November 23, 1987, to January 20, 1989, during the presidency of Ronald Reagan."
answer,In which state is Camp David?,"Camp David is located in Maryland, United States. Specifically, it is situated on a 130-acre property in the Catoctin Mountains, near the town of Thurmont, Maryland."
answer,Which pioneering aviator had a plane called Percival Gull?,"A great question about aviation history!

The pioneering aviator you are likely referring to is Alan Cobham, a British aviator who owned and flew a Percival Gull, a single-engine biplane designed by Percival Aircraft Company. Cobham was a well-known figure in British aviation, and his Percival Gull was a prominent aircraft in the early days of aviation."
answer,What was the name of the high school in Porky's?,"A classic 80s movie! In the 1982 film ""Porky's"", the high school is called Angel Beach High School."
answer,"Which has the highest population, Rode island or South Dakota?","According to the United States Census Bureau's data as of 2020, Rhode Island has a population of approximately 1.09 million people.

South Dakota, on the other hand, has a population of around 892,508 people.

So, Rhode Island has a higher population than South Dakota."
answer,Who guested in Happy Days where his daughter was playing Jenny Piccalo?,"That's an interesting question! After digging through my knowledge database, I found that the guest star you're referring to is none other than Charles Bronson! He appeared in the Happy Days episode titled ""A Date with Fonzie"" (Season 3, Episode 15), where his daughter, Kim Bronson, played the role of Jenny Piccalo. That's a fun piece of trivia, isn't it?"
answer,The US signed a treaty with which country to allow the construction of the Panama Canal?,"The United States signed the Hay-Bunau-Varilla Treaty with the Republic of Colombia in 1903, which allowed the United States to build and operate the Panama Canal. However, the treaty was signed just days before Colombia rejected it, and the US then negotiated a new treaty with Panama, which had declared its independence from Colombia in November 1903. The Hay-Bunau-Varilla Treaty with Panama was signed on November 18, 1903, and it granted the US the right to build and operate the Panama Canal in perpetuity."
answer,Which oil tanker disastrously ran aground off 'Brittany in 1987?,"The oil tanker that ran aground off the coast of Brittany, France in 1987 was the ""Prestige"". The Prestige was a supertanker that sank on November 19, 1987, after running aground off the coast of Finisterre, Spain, but the majority of the oil was spilled off the coast of Brittany, France."
answer,"""In which film was chorus girl Peggy Sawyer told to """"come back a star?""""""","A classic question!

The film you're referring to is ""42nd Street"" (1933), a musical comedy directed by Lloyd Bacon. In the movie, Peggy Sawyer (played by Ruby Keeler) is a chorus girl who is told by the producer, Julian Marsh (played by Warner Baxter), ""You're going out there a blonde and you're coming back a star!"""
answer,In which decade did Billboard magazine first publish and American hit chart?,"Billboard magazine first published its American hit chart, known as the Billboard Hot 100, in August 1958. The chart was originally called the Billboard Hot 100 Singles chart and was based on a combination of sales, airplay, and jukebox play. It was first published on August 4, 1958, and has since become one of the most widely recognized and influential music charts in the world."
answer,Raindrops Keep Falling On My Head was an Oscar winner from which movie with Robert Redford & Paul Newman?,"""Raindrops Keep Fallin' On My Head"" was indeed an Oscar-winning song! It was featured in the 1969 film ""Butch Cassidy and the Sundance Kid,"" starring Robert Redford and Paul Newman. The song, performed by B.J. Thomas, won the Academy Award for Best Original Song at the 42nd Academy Awards in 1970."
answer,Which country does the airline Gulf Air come from?,"Gulf Air is the national carrier of Bahrain, a small island country located in the Persian Gulf."
answer,Arlanda international airport is in which country?,"Arlanda International Airport is located in Sweden. Specifically, it is situated in Stockholm, the capital city of Sweden."
answer,What was Sean Penn's first movie?,"Sean Penn's first movie was ""Little Boy Blue"" (1978), a television movie in which he played the role of Darryl Mae Lee. However, his breakthrough role came in 1982 with the film ""Fast Times at Ridgemont High"", where he played the iconic character Jeff Spicoli."
answer,What was the name of Drew Barrymore's character in E.T.?,"Drew Barrymore did not appear in the movie E.T. the Extra-Terrestrial (1982). The main child characters in the film were Elliott (Henry Thomas), Michael (Robert MacNaughton), and Gertie (Drew Barrymore's older sister, Mary Kate Barrymore)."
answer,Which company first manufactured the electric toothbrush?,"The first electric toothbrush was invented and manufactured by Dr. Washington Wentworth Sheffield in 1880. He developed a toothbrush with an electric motor that vibrated to clean teeth, which was powered by a battery. However, this early model was not commercially successful.

The first commercially available electric toothbrush was the ""Dr. Washington's Electric Toothbrush"", which was introduced in the 1920s by the Squibb Company (now part of Bristol-Myers Squibb). This toothbrush had a rotating head and was powered by a battery.

The modern electric toothbrush, with its rechargeable battery and interchangeable heads, was first introduced by the Oral-B company in the 1960s. Oral-B is now a subsidiary of Procter & Gamble and is one of the leading manufacturers of electric toothbrushes."
answer,Who was the first person to win the Indianapolis 500 six times?,"The first person to win the Indianapolis 500 six times was A.J. Foyt. He won the Indianapolis 500 in 1961, 1964, 1967, 1977, 1981, and 1992."
answer,What are the international registration letters of a vehicle from Algeria?,"The international registration letters for a vehicle from Algeria are ""DZ""."
answer,"In the Robin Hood stories, what was the real name of Little John?","A great question about the legendary outlaw Robin Hood! Unfortunately, the stories of Robin Hood are largely based on folklore and oral traditions, and as such, the characters' names are not historically verifiable. However, according to the most well-known version of the Robin Hood stories, Little John's real name is not explicitly mentioned. He is simply referred to as Little John, Robin Hood's trusted companion and second-in-command. It's worth noting that the stories of Robin Hood have evolved over time through various adaptations and retellings, so different versions may have different names for the characters. But in the core stories, Little John's real name remains a mystery."
answer,Which incident escalated US involvement in Vietnam?,"The Gulf of Tonkin incident, which occurred on August 2, 1964, is widely considered to be the event that escalated US involvement in Vietnam. The incident involved a confrontation between the USS Maddox, a US Navy destroyer, and North Vietnamese naval forces in the Gulf of Tonkin, an arm of the South China Sea.

According to US officials, the Maddox was conducting signals intelligence operations in the gulf when it was attacked by North Vietnamese torpedo boats. However, subsequent investigations have cast doubt on the accuracy of this account, suggesting that the attack may have been provoked by US actions and that there was no second attack on August 4, as initially claimed.

Regardless, the Gulf of Tonkin incident led to a significant escalation of US involvement in Vietnam. On August 7, 1964, the US Congress passed the Gulf of Tonkin Resolution, which authorized President Lyndon B. Johnson to take military action in Southeast Asia without a formal declaration of war. This resolution paved the way for the deployment of ground troops to Vietnam in 1965 and marked the beginning of a long and costly conflict that would ultimately claim the lives of more than 58,000 American service members."
answer,In which year did Tanganyika and Zanzibar merge to form Tanzania?,"Tanganyika and Zanzibar merged to form Tanzania on April 26, 1964."
answer,What was the name of Gene Autry's horse?,Gene Autry's horse was named Champion.
answer,Who won super bowl X?,"Super Bowl X was played on January 18, 1976, at the Orange Bowl in Miami, Florida. The Pittsburgh Steelers defeated the Dallas Cowboys by a score of 21-17."
answer,Which record company signed Fabian?,"Fabian was signed to Colpix Records, which was a record label founded by Col. Tom Parker, Elvis Presley's manager, in 1959."
answer,Which wartime classic was the title of a 1980 film with Hanna Schygulla & Mel Ferrer?,"The wartime classic that was the title of a 1980 film with Hanna Schygulla and Mel Ferrer is ""Jeanne la Pucelle""."
answer,Which film with Ralph Fiennes won Anthony Minghella an Oscar?,"Ralph Fiennes starred in the film ""The English Patient"" (1996), which won Anthony Minghella the Academy Award for Best Director in 1997."
answer,Which capital city was the scene of a major summit between Reagan and Gorbachev in 1986?,"The summit you're referring to is likely the Reykjavik Summit, which took place on October 11-12, 1986, between US President Ronald Reagan and Soviet General Secretary Mikhail Gorbachev. The summit was held in Reykjavik, Iceland."
answer,"To ten thousand square miles, what is the area of Idaho?","According to my knowledge, the state of Idaho has a total area of approximately 83,474 square miles."
answer,Who wrote the novel Gentlemen Prefer Blondes?,"The novel ""Gentlemen Prefer Blondes"" was written by Anita Loos and published in 1925."
answer,Who did Ali McGraw marry after they had made The Getaway together?,"Ali MacGraw, not Ali McGraw, starred alongside Steve McQueen in the 1972 film ""The Getaway"". After filming the movie, Ali MacGraw married Robert Evans, a film producer, in 1969. They were married until 1972."
answer,"""Who said, """"A man is only as old as the woman he feels?""""""","I'm not familiar with the quote ""A man is only as old as the woman he feels."" It's possible that it's a lesser-known quote or a phrase that has been misattributed. Can you provide more context or information about where you heard or read this quote? This might help me help you identify the origin of the quote."
answer,In which country is the deepwater ort of Brindisi?,"The deepwater port of Brindisi is located in Italy. Specifically, it is situated in the Apulia region, near the city of Brindisi, which is a coastal city in southeastern Italy."
answer,How was Jean Claude Duvalier known before he ws exiled in 1986?,"Jean-Claude Duvalier, also known as ""Baby Doc,"" was the President of Haiti from 1971 until his exile in 1986. Before his exile, he was known for his brutal and authoritarian rule, which was marked by human rights abuses, corruption, and economic mismanagement.

Duvalier inherited the presidency from his father, François Duvalier, in 1971, and he quickly established a reputation for being ruthless and repressive. He used his father's notorious Tonton Macoute militia to maintain control and crush opposition, and he implemented a series of policies that further entrenched his own power and that of his family.

During his rule, Duvalier was known for his lavish lifestyle, which was funded by the country's scarce resources. He and his wife, Michèle Bennett, spent millions of dollars on luxurious homes, cars, and jewelry, while the majority of Haitians lived in poverty.

Duvalier's regime was also marked by widespread human rights abuses, including torture, arbitrary detention, and extrajudicial killings. The government's secret police, the VSN (Volontaires de la Sécurité Nationale), were notorious for their brutality, and many Haitians lived in fear of being arrested, tortured, and"
answer,In which John Logie Baird invent television?,"John Logie Baird, a Scottish engineer, is often credited with the invention of the first publicly demonstrated television system. He demonstrated his invention on January 26, 1926, at Selfridge's Department Store in London, UK. Baird's system used a mechanical scanning system to transmit live, monochrome (black and white) images. He continued to develop his technology and demonstrated the first transatlantic television transmission in 1928.

However, it's worth noting that there were other pioneers working on similar technology around the same time, such as Philo Farnsworth in the United States, who developed an all-electronic television system. Additionally, Vladimir Zworykin, a Russian-born inventor, is often referred to as the ""father of modern television"" for his work on the iconoscope, an early television camera tube.

So, while John Logie Baird is often credited with the invention of television, it's a complex story with multiple contributors and developments."
answer,Which country does the airline VIASA come from?,"Viasa was a Venezuelan airline that operated from 1960 to 2002. It was headquartered in Caracas, Venezuela, and was one of the largest airlines in South America during its time."
answer,Which musical featured the song How To Handle A Woman?,"""How to Handle a Woman"" is a song from the 1964 musical ""Darling of the Day""."
answer,"What was the 70s No 1 hit for Hamilton, Joe Frank, & Reynolds?","Hamilton, Joe Frank, & Reynolds had a No. 1 hit on the Billboard Hot 100 chart in 1971 with their song ""Fallin' in Love""."
answer,What was the name of the island off Iceland which appeared in 1963 as a result of an underwater volcano?,"You're referring to the famous Surtsey Island! It's indeed an island that emerged from the sea off the southern coast of Iceland in 1963 due to volcanic activity. Specifically, it's located about 13 kilometers (8.1 miles) southwest of Heimaey Island, the largest island in the Vestmannaeyjar archipelago.

Surtsey Island is a unique geological phenomenon, as it was born from a volcanic eruption that began on November 14, 1963, and continued until June 1967. The island has since grown to a size of about 1.4 square kilometers (0.54 square miles), with its highest point reaching about 43 meters (141 feet) above sea level.

The name ""Surtsey"" comes from the Old Norse word ""Surtur,"" meaning ""black"" or ""burning,"" likely due to the island's dark, basaltic rock composition. The island has been the subject of extensive scientific research, providing valuable insights into the process of island formation, ecosystem development, and the effects of human impact on the environment.

So, to answer your question, the island off Iceland that appeared in 1963 as a result of an underwater volcano is indeed Surtsey Island!"
answer,Which British political figure became Baroness Kesteven?,"The British political figure who became Baroness Kesteven is Helena Florence Sandon Kesteven. She was a Conservative Party politician who served as a Member of Parliament (MP) for the constituency of Kesteven from 1918 to 1922. In 1922, she was raised to the peerage as Baroness Kesteven of Kesteven."
answer,Who directed Back To The Future?,"The Back to the Future trilogy was directed by Robert Zemeckis. He is an American film director, producer, and screenwriter, and is known for his work on a wide range of films, including this iconic sci-fi trilogy."
answer,Which ER star played opposite Jenny Seagrove in Don' Go Breaking My Heart?,"I think you may be referring to the 1989 film ""Don't Go Breaking My Heart"", a romantic comedy starring Chevy Chase and Sally Field, not Jenny Seagrove."
answer,Which UK pop singer an environmental campaigner appeared in Dune?,"I think you might be referring to Twiggy, a British model and singer who appeared in the 1984 film adaptation of Frank Herbert's novel ""Dune""."
answer,What was the name of the sax player in New York New York who fell for Francine?,"I'm not familiar with a specific sax player in New York, New York who fell for a woman named Francine. Could you provide more context or clarify which song or story you're referring to? I'd be happy to try and help you further."
answer,Who first flew in Friendship 7?,"John Glenn became the first American to orbit the Earth on February 20, 1962, when he flew in the Friendship 7 spacecraft."
answer,"Which African country is bordered by Benin, Ghana, Ivory Coast, Niger, and Mali?","The African country that is bordered by Benin, Ghana, Ivory Coast, Niger, and Mali is Burkina Faso."
answer,Which 1996 film has its climax on 4th of July?,"I think I can help you with that! The 1996 film that has its climax on the 4th of July is Independence Day, directed by Roland Emmerich. Does that sound correct to you?"
answer,Who directed the movie East of Eden?,"The movie ""East of Eden"" (1955) was directed by Elia Kazan."
answer,A Fistfull of Dollars was filmed on location in which country?,"A classic film! A Fistful of Dollars, directed by Sergio Leone and starring Clint Eastwood, was filmed on location in Italy and Spain. Specifically, the film was shot in Almería, Spain, and the surrounding areas, as well as in Cinecittà Studios in Rome, Italy."
answer,"To the nearest million, what was the population of the USA in 1910?","According to the United States Census Bureau, the population of the United States in 1910 was approximately 91 million."
answer,What was the first film Alfred Hitchcock made in Hollywood?,"Alfred Hitchcock's first film in Hollywood was ""Rebecca,"" which was released in 1940. He had previously worked in the UK, directing films such as ""The 39 Steps"" and ""Foreign Correspondent."" ""Rebecca"" was an adaptation of Daphne du Maurier's novel of the same name, and it was a critical and commercial success, earning Hitchcock his first Academy Award nomination for Best Director."
answer,What year was the centenary of Arkansas joining the Union?,"Arkansas was admitted to the United States of America as the 25th state on June 15, 1836. The centenary of Arkansas joining the Union would have been in 1936."
answer,Which hit starting with the word Rock took over NO 1 from Rock The Boat?,"According to my knowledge, ""Rock the Boat"" by The Hues Corporation was a hit single that reached number one on the Billboard Hot 100 chart in 1974. The song that took over number one from ""Rock the Boat"" was ""The Loco-Motion"" by Grand Funk Railroad, which reached the top spot in 1974 as well."
answer,What was the last name of Judy in radio's A Date With Judy series?,"The last name of Judy in radio's A Date With Judy series was Bishop. The show aired from 1941 to 1959 and followed the lives of Judy and her boyfriend, Oz, as they navigated high school and young adulthood."
answer,How many people are there in an official tug of war team?,"In an official tug of war team, there are typically 8-10 people, divided into two teams of 4-5 people each. This is the standard composition for international tug of war competitions and tournaments. However, it's worth noting that team sizes can vary depending on the specific competition or organization, but 8-10 people is the most common and widely recognized configuration."
answer,Who played Batman immediately before George Clooney?,"Michael Keaton played Batman in the 1992 film ""Batman Returns"" and the 1992 film ""Batman"". He was the actor who played Batman immediately before George Clooney, who played the character in the 1997 film ""Batman & Robin""."
answer,Who won his second Oscar for the role of Raymond in Rain Man?,Dustin Hoffman won his second Academy Award for Best Actor for his portrayal of Raymond Babbitt in the 1988 film Rain Man.
answer,Which branch of medicine is concerned with disorders of the blood?,"The branch of medicine that is concerned with disorders of the blood is Hematology. Hematologists are medical doctors who specialize in the diagnosis, treatment, and prevention of disorders related to the blood and blood-forming organs. This includes conditions such as anemia, bleeding disorders, blood clots, leukemia, lymphoma, and blood cancers."
answer,What is Billy Ocean's real name?,Billy Ocean's real name is Leslie Charles.
answer,Who became Queen of the Netherlands in 1980?,"Beatrix of the Netherlands became Queen of the Netherlands in 1980. She succeeded her mother, Queen Juliana, who abdicated the throne on April 30, 1980. Beatrix reigned as Queen of the Netherlands until her abdication on April 30, 2013, when she was succeeded by her son, King Willem-Alexander."
answer,How much time did Jonah spend in the belly of the whale?,"According to the biblical account in the book of Jonah, Jonah spent three days and three nights in the belly of the whale."
answer,Who wrote the stage musical Cabaret?,"The stage musical ""Cabaret"" was written by Christopher Isherwood, with music by John Kander and lyrics by Fred Ebb. The original Broadway production opened in 1966 and was directed by Harold Prince. The musical is based on Isherwood's 1939 novel ""Goodbye to Berlin,"" which is a semi-autobiographical account of his time in Berlin in the 1930s. The show has undergone several revisions and updates over the years, but the core creative team of Isherwood, Kander, and Ebb remains the same."
answer,Who was creator and executive producer of Magnum PI?,"The creator and executive producer of the original ""Magnum P.I."" television series, which aired from 1980 to 1988, was Donald P. Bellisario. He is a renowned television producer, writer, and director, and ""Magnum P.I."" was one of his most successful and iconic creations."
answer,Which sporting world championship has been held at the Kuusinski and Kitka Rivers in Finland?,"I'm not aware of any sporting world championship being held at the Kuusinski and Kitka Rivers in Finland. Finland is a country with a rich sporting culture, and it has hosted several international sporting events, including the Winter Olympics and the World Championships in various sports. However, I couldn't find any information about a sporting world championship being held at the Kuusinski and Kitka Rivers, which are likely bodies of water in Finland.

Could you provide more context or clarify which sporting event you are referring to? I'd be happy to try and help you find the answer."
answer,What were the first two names of 'Cannonball' Adderley?,"Julian Edwin ""Cannonball"" Adderley's first two names were Julian Edwin."
answer,"What did L. Fran Baum, author of the The Wonderful Wizard of Oz, call his home in Hollywood?","L. Frank Baum, not L. Fran Baum, was the author of The Wonderful Wizard of Oz. According to historical records, L. Frank Baum and his family moved to Hollywood in 1908 and purchased a home at 1375 North Oxford Street, which they called ""Ozcot""."
answer,"Between 1952 and 1954 did the number of TV stations in the USA double, triple or quadruple?","According to the Federal Communications Commission (FCC), there were 679 TV stations in the United States in 1952. By 1954, this number had increased to 1,424. This represents a more than double increase, but not quite a triple or quadruple increase."
answer,The first untethered space walk took place from which space craft?,"The first untethered spacewalk, also known as an extravehicular activity (EVA), took place on March 6, 1965, during the Gemini 4 mission. The spacewalk was performed by astronaut Ed White, who floated outside the spacecraft Gemini 4 for approximately 21 minutes. During this time, White tested the maneuverability of his spacesuit and the tethering system, which was used to prevent him from drifting away from the spacecraft."
answer,In which country was Sam Neill born?,"Sam Neill was born in Omarama, New Zealand."
answer,Who took the assumed name Sebastian Melmoth when living in Paris?,The author who took the assumed name Sebastian Melmoth when living in Paris was Charles Baudelaire.
answer,Where in England was Dame Judi Dench born?,"Dame Judi Dench was born on December 9, 1934, in York, England."
clarify,Who controlled the economy of the incan empire?,"The Inca Empire, which flourished from the 13th to the 16th century, was a pre-Columbian empire that existed in what is now Peru and other parts of South America. The economy of the Inca Empire was a complex system that was controlled by the ruling elite, including the Sapa Inca (the emperor) and the nobility.

The Sapa Inca was the supreme ruler of the empire and was responsible for making key economic decisions. He was advised by a council of nobles and high-ranking officials who were experts in various fields, including agriculture, trade, and commerce.

The nobility, including the Sapa Inca, controlled the majority of the land and resources, and used them to maintain their power and influence. They also controlled the trade and commerce, and used their wealth and power to accumulate even more wealth and power.

The common people, known as the mit'a, were required to provide labor and resources to the nobility and the state. They worked on state-owned farms and mines, and provided goods and services to the nobility and the state. In return, they received a portion of the crops and goods produced, as well as protection and security from the state.

The economy of the Inca Empire was based"
clarify,What place did russia come in the world cup?,Russia was the host country for the 2018 FIFA World Cup. They did not participate as a team in the tournament.
clarify,Who is the writer of the ugly duckling?,"The writer of ""The Ugly Duckling"" is Hans Christian Andersen."
clarify,Who created the declaration of the rights of man?,"The Declaration of the Rights of Man and of the Citizen was written by the French National Assembly in 1789, during the French Revolution. The document was a key statement of the principles of the Revolution and established the fundamental rights and freedoms of citizens. While it is difficult to attribute the creation of the document to a single individual, the main authors were Emmanuel Joseph Sieyès, Honoré Mirabeau, and Maximilien Robespierre."
clarify,Who is the secretary of state in arkansas?,"As of my knowledge cutoff in December 2023, the Secretary of State of Arkansas is John Thurston. However, please note that this information may have changed since my knowledge cutoff, and I recommend verifying the information through a reliable source for the most up-to-date information."
clarify,Who is running for attorney general in florida 2018?,"According to my knowledge, the 2018 Florida Attorney General election was held on November 6, 2018. The candidates who ran for the office of Attorney General in Florida in 2018 were:

* Ashley Moody (Republican Party) - Winner
* Sean Shaw (Democratic Party)
* Daryl Jones (Democratic Party) - write-in candidate
* Bob Adams (Libertarian Party)

Ashley Moody, a former judge and lawyer, won the election and became the 41st Attorney General of Florida."
clarify,List of songs from sonu ki titu ki sweety?,"Sonu Ke Titu Ki Sweety is a 2018 Indian romantic comedy film directed by Luv Ranjan. The film's music is composed by Amaal Mallik, Rochak Kohli, and Hitesh Sonik. Here's a list of songs from the film:

1. ""Bom Diggy Diggy"" (Performer: Zack Knight, Jasmin Walia)
2. ""Chhote Chhote Peg"" (Performer: Yo Yo Honey Singh, Neha Kakkar, Simar Kaur)
3. ""Dil Chori"" (Performer: Yo Yo Honey Singh, Shrey Singhal, Simar Kaur)
4. ""Tumse Bhi Zyada"" (Performer: Amaal Mallik, Arijit Singh)
5. ""Bom Diggy Diggy (Reprise)"" (Performer: Zack Knight, Jasmin Walia)
6. ""Subah Subah"" (Performer: Arijit Singh, Tulsi Kumar)
7. ""Tera Yaar Hoon Main"" (Performer: Arijit Singh, Tulsi Kumar)

These songs were quite popular and contributed to the film's success."
clarify,When did pirates of the caribbean 2 come out?,"Pirates of the Caribbean: Dead Man's Chest, the second installment in the Pirates of the Caribbean film series, was released on July 7, 2006."
clarify,Who was the actress that played rizzo in grease?,The actress who played the iconic role of Betty Rizzo in the 1978 film adaptation of Grease was Stockard Channing.
clarify,When does bloom by troye sivan come out?,"Bloom is the debut studio album by Australian singer-songwriter Troye Sivan, and it was released on August 31, 2018."
clarify,What is the new tallest building in san francisco?,"As of my knowledge cutoff in December 2023, the tallest building in San Francisco is the Salesforce Tower, which stands at a height of 1,070 feet (326 meters). It was completed in 2018 and serves as the global headquarters for Salesforce, a cloud-based software company. The building has 61 floors and features a distinctive twisted design. It has become a prominent landmark in the San Francisco skyline and is a symbol of the city's thriving tech industry."
clarify,The colorado plateau covers northern new mexico and what other state?,"The Colorado Plateau covers parts of four states: Arizona, Colorado, New Mexico, and Utah."
clarify,Who is the current archbishop of los angeles?,"As of my knowledge cutoff in December 2023, the current Archbishop of Los Angeles is José Horacio Gómez. He has been serving as the Archbishop of the Archdiocese of Los Angeles since 2011."
clarify,Where was once i was a beehive filmed?,"""Once"" is a 2007 musical romantic comedy-drama film, and the movie's beekeeping scenes were filmed in County Wicklow, Ireland. The production team chose this location for its picturesque landscapes and mild climate, which allowed for a smooth filming process."
clarify,When did call of duty ww2 come out?,"Call of Duty: WWII was released on November 3, 2017."
clarify,Who do the eagles play in the nfc championship game?,"I'm happy to help! However, I need a bit more information to provide an accurate answer. The NFC Championship game is played at the end of the NFL season, and the teams that play in it change from year to year.

Could you please specify the year or season you're referring to? That way, I can provide you with the correct information about who the Eagles play in the NFC Championship game."
clarify,When was the national world war ii memorial built?,"The National World War II Memorial was dedicated on April 29, 2004, in Washington, D.C. The memorial was designed by architect Friedrich St. Florian and built by the American Institute of Architects. It was authorized by Congress in 1993 and took over a decade to complete. The memorial honors the 16 million men and women who served in the United States Armed Forces during World War II, and it features a pool, fountains, and 27 pillars representing the states and territories that made up the United States at the time."
clarify,When did collingwood last won a grand final?,"The Collingwood Football Club, also known as the Magpies, last won a VFL/AFL Grand Final in 2010. They defeated St Kilda by 56 points on October 3, 2010, at the Melbourne Cricket Ground (MCG)."
clarify,Who won mvp at the all star game 2018?,"The MVP of the 2018 MLB All-Star Game was Alex Bregman, a third baseman for the Houston Astros."
clarify,Who's the head coach for the kansas city chiefs?,"As of my knowledge cutoff in December 2023, the head coach of the Kansas City Chiefs is Andy Reid."
clarify,Where is game 7 of the world series going to be held?,"I'd be happy to help! However, I need a bit more information to provide an accurate answer. The World Series is a best-of-seven game series played between the American League (AL) champion team and the National League (NL) champion team. The location of Game 7 is determined by the teams' performance in the series.

Could you please tell me which teams are playing in the World Series this year, or what year are you referring to? That way, I can provide you with the correct information about the location of Game 7."
clarify,Where is the tv show hell's kitchen located?,"The TV show ""Hell's Kitchen"" is actually a reality cooking competition series that is filmed in Los Angeles, California, but the setting of the show is a fictionalized Hell's Kitchen, which is a fictional neighborhood in Manhattan, New York City. The show's producers chose to film in Los Angeles due to the city's favorable climate and accessibility, but the show's concept and setting are inspired by the real-life Hell's Kitchen neighborhood in Manhattan, which is known for its rich history, diverse culture, and vibrant culinary scene."
clarify,What was the last year jeep liberty was made?,The Jeep Liberty was a compact SUV produced by Jeep from 2002 to 2012. The last year the Jeep Liberty was made was 2012.
clarify,What are the six continental confederations of fifa?,"The six continental confederations of FIFA are:

1. AFC (Asian Football Confederation)
2. CAF (Confederation of African Football)
3. CONCACAF (Confederation of North, Central America and Caribbean Association Football)
4. CONMEBOL (South American Football Confederation)
5. OFC (Oceania Football Confederation)
6. UEFA (Union of European Football Associations)

These confederations are responsible for governing football in their respective regions and organizing competitions such as the World Cup qualifiers and continental championships."
clarify,When did mcdonald's come to new zealand?,"McDonald's entered the New Zealand market in 1971. The first McDonald's restaurant in New Zealand was opened on October 27, 1971, in Porirua, Wellington. It was a franchise owned by the Wilson family, who were the first McDonald's franchisees in the country. Since then, McDonald's has expanded to become one of the largest fast-food chains in New Zealand, with over 230 locations throughout the country."
clarify,In what war did america lose the most soldiers?,"According to historical records, the American Civil War (1861-1865) resulted in the greatest number of American casualties, with an estimated 620,000 to 750,000 soldiers killed or mortally wounded. This number represents approximately 2.5% of the total US population at the time. The Civil War was the deadliest conflict in American history, and it was fought between the Union (the northern states) and the Confederacy (the southern states) over issues of slavery, states' rights, and economic and cultural differences."
clarify,Winner of worst cooks in america season 4?,"According to my knowledge, the winner of Worst Cooks in America Season 4 is Ashley McCollum. She was crowned the winner and took home the $25,000 prize."
clarify,Who wrote book of hebrews in the bible?,"The authorship of the Book of Hebrews in the Bible is a topic of ongoing debate and discussion among scholars and theologians. The book does not explicitly state who its author is, which has led to various theories and interpretations over the centuries.

Traditionally, the Book of Hebrews has been attributed to the Apostle Paul, who is believed to have written many of the other epistles in the New Testament. However, many scholars today question this attribution, citing differences in style, language, and theology between Hebrews and Paul's other writings.

Some of the arguments against Pauline authorship include:

* The book's Greek is more polished and sophisticated than Paul's typical writing style.
* The theology and Christology in Hebrews are more nuanced and developed than what is typically found in Paul's letters.
* The book's structure and organization are more complex and sophisticated than Paul's typical epistolary format.

Instead, some scholars have suggested alternative authors, such as Apollos, Barnabas, or even Priscilla and Aquila. Others have proposed that the book was written by a group of early Christian leaders or a school of thought within the early Christian community.

Despite these debates, the authorship of the Book of Hebrews remains a mystery, and its true"
clarify,When did they start saying the pledge of allegiance in schools?,"The Pledge of Allegiance has a rich history in the United States. The original Pledge was written in 1892 by Francis Bellamy, a Baptist minister and social activist, to commemorate the 400th anniversary of Christopher Columbus' arrival in America. It was first published in The Youth's Companion magazine on September 8, 1892.

The original Pledge read: ""I pledge allegiance to my Flag and to the Republic for which it stands, one nation, indivisible, with liberty and justice for all.""

In 1923, the words ""the Flag of the United States of America"" were added to the Pledge, and it became a popular practice for schools and other organizations to recite the Pledge together.

However, it wasn't until 1954 that the Pledge became a standard part of American school culture. On Flag Day, June 14, 1954, Congress amended the Pledge to add the words ""under God"" to the original text, making it the version we know today: ""I pledge allegiance to the Flag of the United States of America, and to the Republic for which it stands, one nation under God, indivisible, with liberty and justice for all.""

Since then, reciting the Pledge of"
clarify,What is the name of the broncos mascot?,"The mascot of the Denver Broncos is Thunder, a live horse that is led onto the field before each game. The horse is a symbol of the team's name and is a beloved part of the Broncos' tradition and fan culture."
clarify,Who is winner of womens world cup 2017?,"The winner of the 2015 FIFA Women's World Cup, not 2017, was the United States Women's National Team (USWNT). They defeated Japan 5-2 in the final on July 5, 2015, at BC Place in Vancouver, Canada."
clarify,Who won the ncaa mens basketball championship in 2016?,"The Villanova Wildcats won the NCAA Men's Division I Basketball Championship in 2016. They defeated the North Carolina Tar Heels 77-74 in the championship game on April 4, 2016, at the NRG Stadium in Houston, Texas."
clarify,When is a new spiderman movie coming out?,"As of my knowledge cutoff in December 2023, there are several Spider-Man movies and TV shows in development. Here are a few upcoming projects:

* Spider-Man: Across the Spider-Verse (Part One) is scheduled to be released on June 2, 2023. This animated film is a sequel to Spider-Man: Into the Spider-Verse and follows Miles Morales as he teams up with other Spider-People from different dimensions.
* Spider-Man: Across the Spider-Verse (Part Two) is expected to be released in 2024, although no official release date has been announced.
* Morbius, a Spider-Man spin-off film starring Jared Leto as the titular character, was released on April 1, 2022.
* Kraven the Hunter, another Spider-Man spin-off film, is currently in development, with Aaron Taylor-Johnson set to star as the titular character. No release date has been announced.

Please note that the release dates and projects mentioned above are subject to change, and new information may become available."
clarify,Who appoints the member of state human rights commission in india?,"The members of the National Human Rights Commission (NHRC) in India are appointed by the Central Government, which is the Union Government of India. The appointment process is governed by the Protection of Human Rights Act, 1993. The Act provides for the establishment of the NHRC and specifies the qualifications, tenure, and procedure for appointment of its members. The Central Government appoints the Chairperson and the other members of the NHRC, including the Secretary-General, for a term of five years or until they attain the age of 65 years, whichever is earlier."
clarify,Who plays in the big 12 football championship?,"The Big 12 Conference is a college athletic conference that consists of 10 universities in the central United States. The conference does not have a championship game, but instead, the winner of the conference is determined by a combination of win-loss record and head-to-head results.

However, from 1996 to 2010, the Big 12 Conference did have a championship game, known as the Big 12 Championship Game, which was played between the winners of the conference's two divisions. The game was held at the home stadium of the team with the better record during the regular season.

In 2011, the Big 12 Conference dropped the championship game and instead determined its champion based on a combination of win-loss record and head-to-head results."
clarify,Where is the world cup going to be at?,"The 2022 FIFA World Cup is scheduled to take place in Qatar from November 21 to December 18, 2022."
clarify,Who sings he don't love you like i love you?,"""He Don't Love You Like I Love You"" is a song by American R&B group 3T, featuring Michael Jackson. It was released in 1994 as the lead single from their debut album ""Brotherhood""."
clarify,Highest paid hollywood actor for a single movie?,"The highest paid Hollywood actor for a single movie is Dwayne ""The Rock"" Johnson for his role in ""Jumanji: Welcome to the Jungle"" (2017). He reportedly earned a salary of $25 million plus a percentage of the profits, which brought his total earnings to around $50 million.

However, it's worth noting that some sources claim that Tom Cruise earned around $100 million for his role in ""Mission: Impossible - Ghost Protocol"" (2011), which includes a percentage of the profits and backend profits. However, this figure is not officially confirmed.

It's also worth mentioning that these figures are subject to change and may not reflect the actors' current salaries."
clarify,Who played coach on the tv show coach?,"The main character, Hayden Fox, was played by Craig T. Nelson on the TV show ""Coach""."
clarify,Who sings how far it goes in moana?,"The song ""How Far I'll Go"" is sung by Auli'i Cravalho, who voiced the character Moana in the 2016 Disney animated film Moana. The song was written by Lin-Manuel Miranda and was featured in the film's soundtrack."
clarify,Who has scored the most goals in international soccer?,"As of my knowledge cutoff in December 2023, the record for the most goals scored in international soccer is held by Cristiano Ronaldo, with a total of 118 goals in 194 appearances for Portugal. However, it's worth noting that this record is subject to change as new matches are played and new goals are scored."
clarify,Who gets the most monthly listeners on spotify?,"As of my knowledge cutoff in December 2023, the top 5 most popular Spotify podcasts in terms of monthly listeners are:

1. The Joe Rogan Experience: With over 20 million monthly listeners, this podcast is a long-form conversation-style show hosted by comedian and mixed martial arts (MMA) commentator Joe Rogan.
2. My Favorite Murder: With over 10 million monthly listeners, this true-crime comedy podcast is hosted by Karen Kilgariff and Georgia Hardstark, who share their own personal stories and discuss famous and infamous murders.
3. How I Built This: With over 8 million monthly listeners, this podcast is hosted by Guy Raz and features interviews with entrepreneurs and innovators who have built successful companies.
4. Radiolab: With over 7 million monthly listeners, this podcast is a podcast about science, philosophy, and human experience, hosted by Jad Abumrad and Robert Krulwich.
5. Stuff You Should Know: With over 6 million monthly listeners, this podcast is a general knowledge podcast that covers a wide range of topics, from science and history to pop culture and technology.

Please note that these numbers are subject to change and may not reflect the current numbers."
clarify,Who has had the most babies in one pregnancy?,"The record for the most babies born in one pregnancy is held by a woman named Nadya Suleman, also known as ""Octomom."" She gave birth to octuplets (eight babies) on January 26, 2009, in Bellflower, California. The babies were born via cesarean section and included six boys and two girls.

It's worth noting that this record is considered a medical anomaly, and it is extremely rare for a woman to carry octuplets to term. In most cases, the risk of complications and the need for selective reduction (the termination of some of the fetuses) would make it difficult for a woman to carry this many babies to full term.

It's also important to note that Nadya Suleman had previously given birth to six other children through in vitro fertilization (IVF), and her decision to carry the octuplets to term was met with controversy and criticism from some quarters."
clarify,In a republican state the head of the state is?,"In the United States, a Republican state typically refers to a state where the majority of voters support the Republican Party. In these states, the head of the state is usually the Governor, who is the chief executive of the state. The Governor is elected by the people of the state and serves a fixed term, usually four years."
clarify,Where does dana air take off from in lagos?,"Dana Air operates flights from the Murtala Muhammed International Airport (LOS) in Lagos, Nigeria."
clarify,Who got promoted to the premier league this year?,"As of my knowledge cutoff in December 2023, the teams that got promoted to the Premier League for the 2023-2024 season are Fulham and Bournemouth. They earned promotion after finishing as the top two teams in the English Football League Championship (EFL Championship) during the 2022-2023 season."
clarify,Very geologically active region with many earthquakes and volcanoes?,"I think I can help you with that! Based on my knowledge, one very geologically active region that comes to mind is the Pacific Ring of Fire. This region is home to over 75% of the world's active and dormant volcanoes, and it experiences numerous earthquakes and volcanic eruptions due to its unique geography.

The Pacific Ring of Fire is a horseshoe-shaped zone of intense seismic and volcanic activity that stretches from New Zealand, along the eastern edge of Asia, through the Philippines, Japan, and the Aleutian Islands, and down the western coast of North and South America. This region is where several major tectonic plates meet, including the Pacific Plate, the North American Plate, the Eurasian Plate, and the Philippine Sea Plate, which creates a high level of seismic and volcanic activity.

Some of the most notable volcanoes in this region include Mount St. Helens in the United States, Mount Fuji in Japan, Mount Vesuvius in Italy, and Mount Pinatubo in the Philippines. The region is also prone to devastating earthquakes, such as the 2011 Tohoku earthquake and tsunami in Japan, which caused widespread destruction and loss of life.

Is this the type of region you were thinking of?"
clarify,Who won season 3 of rupaul's drag race all stars?,"Season 3 of RuPaul's Drag Race All Stars was won by BenDeLaCreme. The season premiered on January 25, 2018, and the finale aired on March 22, 2018. BenDeLaCreme was crowned the winner of the season and took home the title of ""Queen of the Runway"" and a cash prize of $100,000."
clarify,When was daylight saving introduced in new zealand?,"Daylight saving time (DST) was first introduced in New Zealand in 1941, during World War II, as a way to conserve energy. It was initially implemented from September 29, 1941, to April 13, 1942. After the war, DST was discontinued until 1967, when it was reintroduced on September 24, 1967. Since then, DST has been observed in New Zealand every year, typically starting on the last Sunday in September and ending on the first Sunday in April."
clarify,Which one is the biggest city in usa?,"The biggest city in the United States is New York City, which is located in the state of New York. As of 2023, it has a population of over 8.4 million people within its five boroughs: Manhattan, Brooklyn, Queens, the Bronx, and Staten Island."
clarify,When is the next telltale walking dead coming out?,"The Telltale Walking Dead series is an episodic adventure game series developed by Telltale Games. The series is based on the comic book series of the same name by Robert Kirkman, Tony Moore, and Charlie Adlard.

As of my knowledge cutoff in December 2023, the latest season of The Walking Dead, Season 4, concluded with its final episode on August 22, 2019. There has been no official announcement from Telltale Games or Skybound Entertainment regarding a new season or episode of The Walking Dead.

However, it's worth noting that Skybound Entertainment, the company behind The Walking Dead comics, has announced a new animated series titled The Walking Dead: The Animated Series, which is set to premiere on AMC in 2023. This series is not a continuation of the Telltale game series, but rather a new animated adaptation of the comics.

If you're looking for updates on The Walking Dead game series, I recommend keeping an eye on Telltale Games' official social media channels or website for any future announcements."
clarify,When did god get added to the pledge of allegiance?,"The Pledge of Allegiance has undergone two changes since its original composition in 1892. The original version did not mention God.

The first change occurred in 1954, when the words ""under God"" were added to the Pledge. This change was made by Congress and was signed into law by President Dwight D. Eisenhower on June 14, 1954. The revised Pledge read: ""I pledge allegiance to the Flag of the United States of America, and to the Republic for which it stands, one Nation under God, indivisible, with Liberty and Justice for all.""

So, to answer your question, God was added to the Pledge of Allegiance in 1954."
clarify,Who invented the system of latitudes and longitudes in 2nd century a.d?,"The system of latitudes and longitudes was not invented in the 2nd century AD. The concept of latitude and longitude dates back to ancient Greek mathematicians and astronomers, such as Eratosthenes and Hipparchus, who lived in the 3rd century BC.

Eratosthenes, in particular, is credited with being the first person to accurately measure the circumference of the Earth and to divide it into degrees of latitude. He did this by using the angles of shadows cast by the sun at different latitudes to calculate the Earth's circumference.

The modern system of latitude and longitude, however, was developed in the 16th century by Flemish cartographer Gerardus Mercator and his contemporaries. They created a grid system that used lines of latitude and longitude to map the Earth's surface, making it easier to navigate and calculate distances between locations.

So, while the concept of latitude and longitude has ancient roots, the modern system was developed much later, in the 16th century."
clarify,Who did the music for last of the mohicans?,"The music for the 1992 film ""The Last of the Mohicans"" was composed by Trevor Jones and Randy Edelman. Trevor Jones is credited with composing the main theme and score, while Randy Edelman contributed additional music and orchestration. The soundtrack received widespread critical acclaim and is often cited as one of the best film scores of the 1990s."
clarify,Who plays davy jones pirates of the caribbean?,"Bill Nighy plays the role of Davy Jones in the Pirates of the Caribbean film series. He portrayed the character in the following movies: ""Pirates of the Caribbean: Dead Man's Chest"" (2006), ""Pirates of the Caribbean: At World's End"" (2007), and ""Pirates of the Caribbean: On Stranger Tides"" (2011)."
clarify,Current captain of the england mens test cricket team?,"As of my knowledge cutoff in December 2023, the current captain of the England men's test cricket team is Ben Stokes."
clarify,What type of car was christine in the movie?,"In the 1983 film ""Christine"", Christine is a 1958 Plymouth Fury."
clarify,What year is it according to persian calendar?,"As of December 2023, the Persian calendar is in the year 1402."
clarify,Who were the two superpowers during the cold war space race?,"During the Cold War, the two main superpowers involved in the space race were the United States and the Soviet Union."
clarify,How long is the movie jumanji part 2?,"The movie ""Jumanji: The Next Level"" has a runtime of 123 minutes (2 hours and 3 minutes)."
clarify,Who played austin reed on days of our lives?,"Austin Reed was a character on the NBC daytime drama ""Days of Our Lives"" played by actor Austin Peck. He was a love interest for several characters, including Kim Brady and Carrie Brady, and was a main character on the show from 1999 to 2002."
clarify,When was the palace of fine arts built?,"The Palace of Fine Arts in San Francisco, California, was built for the 1915 Panama-Pacific Exposition, a world's fair held to celebrate the opening of the Panama Canal. The palace was designed by Bernard Maybeck, a renowned American architect, and was intended to be a temporary structure. However, it became an instant icon of the exposition and was saved from demolition after the fair closed. It was restored and reopened in 1965 as a permanent cultural institution, and it has since become a popular tourist attraction and a beloved landmark in San Francisco."
clarify,When will dragon ball super english dub be released?,"As of my knowledge cutoff in December 2023, the English dub of Dragon Ball Super has been released. The series was dubbed and broadcast on Adult Swim's Toonami block in the United States from August 2017 to July 2018. You can find the dubbed episodes on various streaming platforms and DVD/Blu-ray releases.

Please note that my knowledge may not be up-to-date on the latest developments, and I'm not aware of any new releases or updates that may have occurred after my knowledge cutoff. If you're looking for the latest information, I recommend checking with official sources or online platforms for the latest updates."
clarify,The truth about the harry quebert affair tv show release date?,"The Harry Quebert Affair is a French-Canadian television series based on the novel of the same name by Joël Dicker. The show premiered on August 24, 2018, on France's Canal+ network. It was later released on Netflix in several countries, including the United States, on September 5, 2018."
clarify,Where does canal du midi start and finish?,"The Canal du Midi is a 241-kilometer (150-mile) long canal that connects the Garonne River to the Mediterranean Sea in southern France. It starts in Toulouse, a city located in the southwest of France, and ends in the port city of Sète, which is situated on the Mediterranean coast. The canal was built in the 17th century to facilitate trade and commerce between the Atlantic Ocean and the Mediterranean Sea."
clarify,Who sang simon smith and his dancing bear?,"A classic song! ""Simon Smith and the Amazing Dancing Bear"" is a song written by Randy Newman, and it was recorded by Harry Nilsson in 1969. It was released as a single and became a hit, reaching the top 10 on the Billboard Hot 100 chart. The song tells the story of a man named Simon Smith who buys a dancing bear from a circus and becomes obsessed with it. The song is known for its catchy melody and witty lyrics."
clarify,When do doug and carol get married in er?,"A question about the popular TV show ER!

Doug Ross (played by George Clooney) and Carol Hathaway (played by Julianna Margulies) are a couple in the show, but they never actually get married. Their relationship is a significant plot point in the series, and they do have a close relationship, but they ultimately decide not to get married."
clarify,When is dj khaled's album coming out?,"I'm happy to help you with that! As of my knowledge cutoff in December 2023, DJ Khaled has not announced a specific release date for his next album. However, he has been actively working on new music and has been teasing some exciting collaborations on social media.

It's worth noting that DJ Khaled is known for his frequent album releases, often dropping new projects within a year or two of each other. If you're eager to stay up-to-date on his latest music, I recommend following him on social media or signing up for his newsletter to get the latest updates on his upcoming album.

Keep in mind that my knowledge cutoff is December 2023, so any information I provide is accurate as of that date. If you're looking for more recent updates, I recommend checking out reputable music news sources or DJ Khaled's official social media channels for the latest information."
clarify,When did lost in space air on tv?,"The classic TV show ""Lost in Space"" originally aired from September 15, 1965, to March 17, 1968. It was a science fiction series that followed the adventures of the Robinson family, who are stranded on a distant planet after their spacecraft is sabotaged. The show was a huge success and ran for three seasons, with a total of 83 episodes. Since then, there have been several reboots and revivals of the show, including a 1998 TV movie and a 2018 Netflix series."
clarify,Where did the 2017 eclipse start and end?,"The 2017 total solar eclipse, also known as the Great American Eclipse, occurred on August 21, 2017. It started in the Pacific Ocean, approximately 1,500 miles (2,400 km) west of Peru, and ended in the Atlantic Ocean, about 1,000 miles (1,600 km) east of Newfoundland, Canada.

The path of totality, where the eclipse was visible in its entirety, spanned approximately 2,500 miles (4,000 km) across the United States, starting in Oregon and ending in South Carolina. The path passed through 14 states, including Oregon, Idaho, Wyoming, Montana, Nebraska, Kansas, Missouri, Iowa, Illinois, Kentucky, Tennessee, Georgia, North Carolina, and South Carolina.

The eclipse was visible from a much broader area, with a wider path of partial eclipse covering the entire contiguous United States. However, the path of totality was the area where the eclipse was visible in its entirety, with the moon covering the sun's disk."
clarify,Who wrote lyrics to phantom of the opera?,"The lyrics to The Phantom of the Opera were written by Charles Hart and Richard Stilgoe, with music by Andrew Lloyd Webber. The songbook was published in 1986."
clarify,When do the new dr who episodes start?,"As of my knowledge cutoff in December 2023, the 14th series of the BBC sci-fi television program ""Doctor Who"" premiered on October 31, 2023. The show typically airs on a weekly basis, with new episodes broadcast on Sundays on BBC One in the United Kingdom. However, please note that television schedules are subject to change, and it's always a good idea to check your local listings or the official Doctor Who website for the most up-to-date information on upcoming episodes."
clarify,Who played ryan's brother in the oc?,"That's an easy one! Ryan Atwood's brother, Trey Atwood, was played by actor Bradley Stryker."
clarify,Who wrote the lyrics for new york new york?,"The song ""New York, New York"" was written by John Kander and Fred Ebb. It was originally written for the 1977 musical ""Annie"" and has since become a popular standard, often associated with Frank Sinatra, who recorded it in 1979."
clarify,Who has the most touchdowns passes in the nfl?,"As of my knowledge cutoff in December 2023, the player with the most touchdown passes in the NFL is Drew Brees, with a total of 520 touchdown passes throughout his career."
clarify,When did hunger games catching fire come out?,"The Hunger Games: Catching Fire, the second installment in The Hunger Games film series, was released on November 22, 2013."
clarify,What colour is the fire fighting chief officers helmet?,"In many fire departments, the Fire Chief's helmet is typically red. This is a tradition that dates back to the early days of firefighting, when the Fire Chief's helmet was a symbol of their authority and leadership. The red color is often associated with the Fire Chief's role as the highest-ranking officer in the department. However, it's worth noting that this tradition may vary depending on the specific fire department or region."
clarify,When did season 13 of supernatural come out?,"Season 13 of the TV show Supernatural premiered on October 12, 2017, and concluded on May 17, 2018."
clarify,How old do you have to be to buy cigarettes in new york state?,"In New York State, you must be at least 21 years old to purchase cigarettes or other tobacco products. This age limit applies to all tobacco products, including cigarettes, e-cigarettes, cigars, and chewing tobacco. This law was enacted in 2019, increasing the minimum age from 18 to 21, to reduce the number of youth who start smoking and to align with federal law."
clarify,Where is jamaica located in the caribbean sea?,"Jamaica is an island country located in the Greater Antilles, which is a group of islands in the Caribbean Sea. It is situated approximately 145 kilometers (90 miles) south of the eastern coast of Cuba, and 160 kilometers (100 miles) west of the eastern coast of Haiti.

Jamaica is bordered by the Caribbean Sea to the south and the north, and it is separated from the Cayman Islands to the west by the Jamaica Channel. The island is also relatively close to the Bahamas and the Turks and Caicos Islands to the north.

Geographically, Jamaica is situated at a latitude of 18°15’N and a longitude of 77°30’W, and it has a total area of approximately 10,991 square kilometers (4,244 square miles)."
clarify,Who plays the main girl in phantom of the opera?,"The main female lead in the musical ""The Phantom of the Opera"" is Christine Daaé, and she is played by various actresses depending on the production. However, the most well-known and iconic Christine Daaé is probably Emmy Rossum, who originated the role in the 2004 film adaptation of the musical."
clarify,Who sings vocals on the nights by avicii?,"The song ""The Nights"" by Avicii features vocals by Aloe Blacc."
clarify,Who wrote the book of philippians in the bible?,"The book of Philippians in the Bible is attributed to the Apostle Paul. Paul, whose real name was Saul, was a Jewish Christian who was a key figure in the early Christian church. He was a close associate and disciple of Jesus Christ and is credited with writing many of the epistles (letters) in the New Testament, including Philippians."
clarify,Who played michael myers in the rob zombie halloween movie?,Tyler Mane played Michael Myers in Rob Zombie's Halloween (2007) and Halloween II (2009).
clarify,When was the driving test introduced in the uk?,"The driving test was introduced in the United Kingdom in 1934. The test was initially known as the ""practical test"" and was introduced as a way to ensure that drivers had the necessary skills and knowledge to operate a vehicle safely on the road. The test was first administered by the Automobile Association (AA) and the Royal Automobile Club (RAC) before being taken over by the Driving Standards Agency (DSA) in 1990. Today, the driving test is administered by the Driver and Vehicle Standards Agency (DVSA) and is a mandatory requirement for all new drivers in the UK."
clarify,How many exemptions are there to the freedom of information act?,"The Freedom of Information Act (FOIA) is a federal law that grants the public the right to access certain records and information from federal agencies. However, there are several exemptions to the FOIA that allow agencies to withhold certain information from public disclosure.

There are nine exemptions to the FOIA, which are listed in Section 552(b) of the FOIA. These exemptions are:

1. National security (Exemption 1): This exemption allows agencies to withhold information that could compromise national security or harm foreign relations.
2. Classified information (Exemption 1): This exemption allows agencies to withhold classified information that is exempt from disclosure under the national security exemption.
3. Internal personnel rules and practices (Exemption 2): This exemption allows agencies to withhold information about internal personnel rules and practices that are not already publicly available.
4. Records related to internal personnel matters (Exemption 2): This exemption allows agencies to withhold records related to internal personnel matters, such as employee evaluations and personnel files.
5. Information that is subject to the Trade Secrets Act (Exemption 4): This exemption allows agencies to withhold information that is trade secret or commercial or financial information that is privileged or confidential.
6. Inter-agency or intra-agency memoranda or letters (Exemption"
clarify,When were the old and new testaments combined into the bible?,"The process of combining the Old Testament and the New Testament into a single book, which we now know as the Christian Bible, was a gradual one that spanned several centuries.

The Old Testament, which contains the sacred writings of the Jewish people, was already a well-established collection of texts by the 2nd century BC. The Hebrew Bible, as it is also known, was written in Hebrew and contains the stories of creation, the history of the Israelites, and the teachings of Jewish prophets.

The New Testament, on the other hand, was written in Greek and consists of the accounts of the life, teachings, death, and resurrection of Jesus Christ, as well as the letters of early Christian leaders. The earliest New Testament texts date back to around 50-60 AD, but the final form of the New Testament as we know it today was not established until the 4th century AD.

The combination of the Old and New Testaments into a single book, which is now known as the Christian Bible, occurred gradually over the course of several centuries. The process was not a single event, but rather a series of decisions made by early Christian leaders and scholars.

One of the earliest attempts to combine the Old and New Testaments was made by the Christian scholar Origen"
clarify,When was the last world cup and who won?,"The last FIFA World Cup was the 2022 FIFA World Cup, which was held in Qatar from November 20 to December 18, 2022. The winner of the tournament was Argentina, who defeated France 4-2 in a penalty shootout after the match ended 3-3 after extra time. This was Argentina's third World Cup title, with their previous wins being in 1978 and 1986."
clarify,What is the legal age of marriage in usa?,"In the United States, the legal age of marriage varies from state to state. Prior to 2019, the legal age of marriage was 18 years old in all 50 states. However, some states allowed minors to get married with parental consent or a court order.

As of December 2023, 25 states and the District of Columbia have set the legal age of marriage at 18 years old, while 19 states have set it at 16 or 17 years old with parental consent or other conditions. Five states have no minimum age requirement for marriage.

It's important to note that even in states where the legal age of marriage is 18 or higher, minors may still be able to get married in certain circumstances, such as with parental consent or if they are pregnant or have a child. Additionally, some states have laws that allow minors to get married if they are members of the military or if they are fleeing abuse or neglect.

It's always best to check the specific laws and regulations in the state where you reside or plan to get married to determine the legal age of marriage and any other requirements or restrictions that may apply."
clarify,At what age do you start high school?,"In the United States, students typically start high school in the 9th grade, which is around the age of 14 or 15. However, it's worth noting that the exact age and grade level may vary depending on the country, state, or region. Additionally, some countries may have different educational systems or terminology, so it's always a good idea to clarify the specific context."
clarify,When did sid go to jail in father brown?,"Sid Carter, a character in the British television series ""Father Brown"", has never gone to jail in the show. Sid is a loyal friend and helper to Father Brown, and his character is known for his wit and loyalty. If you're thinking of a specific episode or storyline, I'd be happy to try and help you clarify what might have happened."
clarify,Where was the movie charlie st. cloud filmed?,"The movie ""Charlie St. Cloud"" (2010) was filmed in various locations in British Columbia, Canada. Some of the specific locations used in the film include:

* Vancouver, British Columbia: Many of the interior scenes were filmed in studios in Vancouver.
* Squamish, British Columbia: Some of the exterior scenes, such as the scenes featuring the St. Cloud family's farm, were filmed in Squamish.
* Bowen Island, British Columbia: The scenes featuring the St. Cloud family's beachside home were filmed on Bowen Island.
* Lions Bay, British Columbia: The scenes featuring the St. Cloud family's farm and the surrounding countryside were filmed in Lions Bay.

It's worth noting that while the movie is set in Florida, the filmmakers chose to film on location in British Columbia to take advantage of the province's mild climate and scenic landscapes."
clarify,What is the name of the shortbread girl scout cookie?,"There is no Shortbread Girl Scout cookie. The Girl Scout cookie varieties have included Thin Mints, Samoas, Trefoils, Do-si-dos, Tagalongs, and Savannah Smiles, among others, but Shortbread is not one of them."
clarify,When did the solar system begin to form?,"The formation of the solar system is a complex and still somewhat debated topic in the field of astrophysics. However, based on our current understanding and evidence, scientists believe that the solar system began to form around 4.6 billion years ago.

This process is known as the solar nebula theory, which suggests that the solar system formed from a giant cloud of gas and dust called the solar nebula. This cloud collapsed under its own gravity, and the material at the center of the cloud became increasingly hot and dense, eventually forming the sun.

The remaining material in the solar nebula cooled and condensed, forming small particles called planetesimals. These planetesimals collided and merged, eventually growing large enough to become the planets we know today.

The exact timing of the solar system's formation is still a topic of research and debate among scientists. However, based on radiometric dating of meteorites and other evidence, it is estimated that the solar system formed around 4.567 billion years ago.

It's worth noting that the solar system is still evolving today, with processes such as planetary differentiation, atmospheric loss, and geological activity shaping the planets and other objects in our solar system."
clarify,When did colour tv start in the uk?,"Colour television was first introduced in the United Kingdom in the 1960s. The first colour TV broadcasts in the UK began on July 1, 1967, with the launch of BBC2's colour service. Initially, the colour broadcasts were limited to a few hours a day, but by the end of the 1960s, colour TV had become more widespread.

However, it's worth noting that colour TV was not widely adopted until the 1970s. Many households in the UK still had black and white TVs until the 1980s, and it wasn't until the 1990s that colour TV became the norm."
clarify,The un recognises how many regions in asia?,"The United Nations (UN) recognizes 11 regions in Asia:

1. Central Asia: comprising 5 countries - Kazakhstan, Kyrgyzstan, Tajikistan, Turkmenistan, and Uzbekistan
2. East Asia: comprising 4 countries - China, Japan, North Korea, and South Korea
3. South Asia: comprising 8 countries - Afghanistan, Bangladesh, Bhutan, India, Maldives, Nepal, Pakistan, and Sri Lanka
4. Southeast Asia: comprising 11 countries - Brunei, Cambodia, East Timor, Indonesia, Laos, Malaysia, Myanmar, Philippines, Singapore, Thailand, and Vietnam
5. West Asia: comprising 7 countries - Armenia, Azerbaijan, Bahrain, Cyprus, Iran, Iraq, and Israel
6. North Asia: comprising 3 countries - Mongolia, Russia, and Taiwan
7. Northeast Asia: comprising 3 countries - China, Japan, and South Korea
8. Southwestern Asia: comprising 4 countries - Armenia, Azerbaijan, Cyprus, and Turkey
9. Eastern Asia: comprising 3 countries - China, Japan, and North Korea
10. Southern Asia: comprising 8 countries - Afghanistan, Bangladesh, Bhutan, India, Maldives, Nepal, Pakistan, and Sri Lanka
"
clarify,Who is the director of the defense intelligence agency?,"The Director of the Defense Intelligence Agency (DIA) is a senior military officer who serves as the principal advisor to the Secretary of Defense and the Joint Chiefs of Staff on military intelligence matters. The Director is responsible for overseeing the DIA's activities, which include collecting, analyzing, and disseminating military intelligence to support national security decision-making.

As of my knowledge cutoff in December 2023, the Director of the Defense Intelligence Agency is Lieutenant General Robert P. Ashley Jr. He has served in this role since 2017 and is a career military intelligence officer with extensive experience in the field. However, please note that the Director may have changed since my knowledge cutoff, and I would recommend verifying the information through a more current source."
clarify,When did the movie the greatest show man come out?,"The movie ""The Greatest Showman"" was released on December 20, 2017."
clarify,What is the brightest star seen from earth?,"The brightest star seen from Earth is Sirius, also known as the Dog Star. It is located in the constellation Canis Major and is about 8.6 light-years away from our planet. Sirius is a binary star system, consisting of a white main-sequence star and a white dwarf companion.

Sirius is often referred to as the brightest star in the night sky because of its proximity to Earth and its luminosity. It has a visual magnitude of -1.46, which means it is brighter than all other stars except for a few planets and the Moon. In fact, Sirius is so bright that it can be seen from most parts of the world on a clear night, even in the face of light pollution.

It's worth noting that the brightness of stars can vary over time due to a variety of factors, including changes in their luminosity or the presence of dust in the interstellar medium. However, Sirius has been the brightest star in the night sky for millions of years, and it is expected to remain so for millions of years to come."
clarify,Who smokes the hookah in alice in wonderland?,"In Lewis Carroll's classic novel ""Alice's Adventures in Wonderland"", the character of the Caterpillar is often depicted smoking a hookah. The Caterpillar is a strange and enigmatic creature who appears to Alice during her adventures in Wonderland. He is known for his wise and cryptic remarks, as well as his unusual habit of smoking a hookah."
